layer,linear,config,M,N,K,tier1_x_db,tier1_w_db,tier2_db
0,self_attn.q_proj,w8a8,2048,5120,5120,30.317,40.288,37.192
0,self_attn.q_proj,w8a8-mg1024,2048,5120,5120,33.439,41.507,40.063
0,self_attn.q_proj,w4a8-mg1024,2048,5120,5120,33.439,16.335,23.556
0,self_attn.q_proj,w4a8-pc,2048,5120,5120,30.317,15.116,22.285
0,self_attn.k_proj,w8a8,2048,1024,5120,30.317,40.277,37.189
0,self_attn.k_proj,w8a8-mg1024,2048,1024,5120,33.439,41.552,39.898
0,self_attn.k_proj,w4a8-mg1024,2048,1024,5120,33.439,16.385,23.589
0,self_attn.k_proj,w4a8-pc,2048,1024,5120,30.317,15.117,22.252
0,self_attn.v_proj,w8a8,2048,1024,5120,30.317,40.91,34.949
0,self_attn.v_proj,w8a8-mg1024,2048,1024,5120,33.439,41.913,37.852
0,self_attn.v_proj,w4a8-mg1024,2048,1024,5120,33.439,16.744,21.712
0,self_attn.v_proj,w4a8-pc,2048,1024,5120,30.317,15.732,20.653
0,self_attn.o_proj,w8a8,2048,5120,5120,26.036,38.408,30.383
0,self_attn.o_proj,w8a8-mg1024,2048,5120,5120,30.91,40.122,34.854
0,self_attn.o_proj,w4a8-mg1024,2048,5120,5120,30.91,14.972,18.676
0,self_attn.o_proj,w4a8-pc,2048,5120,5120,26.036,13.294,17.254
0,mlp.gate_proj,w8a8,2048,27648,5120,31.916,39.787,38.284
0,mlp.gate_proj,w8a8-mg1024,2048,27648,5120,34.855,41.204,40.913
0,mlp.gate_proj,w4a8-mg1024,2048,27648,5120,34.855,16.036,23.103
0,mlp.gate_proj,w4a8-pc,2048,27648,5120,31.916,14.622,21.637
0,mlp.up_proj,w8a8,2048,27648,5120,31.916,40.409,36.83
0,mlp.up_proj,w8a8-mg1024,2048,27648,5120,34.855,41.604,39.466
0,mlp.up_proj,w4a8-mg1024,2048,27648,5120,34.855,16.434,21.933
0,mlp.up_proj,w4a8-pc,2048,27648,5120,31.916,15.237,20.697
0,mlp.down_proj,w8a8,2048,5120,27648,14.529,38.141,17.655
0,mlp.down_proj,w8a8-mg1024,2048,5120,27648,25.818,41.157,30.487
0,mlp.down_proj,w4a8-mg1024,2048,5120,27648,25.818,15.985,20.56
0,mlp.down_proj,w4a8-pc,2048,5120,27648,14.529,12.991,15.112
1,self_attn.q_proj,w8a8,2048,5120,5120,27.893,28.255,43.048
1,self_attn.q_proj,w8a8-mg1024,2048,5120,5120,30.379,31.655,46.05
1,self_attn.q_proj,w4a8-mg1024,2048,5120,5120,30.379,11.448,27.835
1,self_attn.q_proj,w4a8-pc,2048,5120,5120,27.893,9.408,23.893
1,self_attn.k_proj,w8a8,2048,1024,5120,27.893,33.191,42.051
1,self_attn.k_proj,w8a8-mg1024,2048,1024,5120,30.379,34.987,44.854
1,self_attn.k_proj,w4a8-mg1024,2048,1024,5120,30.379,11.317,28.668
1,self_attn.k_proj,w4a8-pc,2048,1024,5120,27.893,10.017,26.736
1,self_attn.v_proj,w8a8,2048,1024,5120,27.893,36.515,29.776
1,self_attn.v_proj,w8a8-mg1024,2048,1024,5120,30.379,37.993,32.55
1,self_attn.v_proj,w4a8-mg1024,2048,1024,5120,30.379,12.879,17.632
1,self_attn.v_proj,w4a8-pc,2048,1024,5120,27.893,11.442,16.109
1,self_attn.o_proj,w8a8,2048,5120,5120,30.112,38.199,41.807
1,self_attn.o_proj,w8a8-mg1024,2048,5120,5120,33.744,40.344,44.921
1,self_attn.o_proj,w4a8-mg1024,2048,5120,5120,33.744,15.174,27.263
1,self_attn.o_proj,w4a8-pc,2048,5120,5120,30.112,13.046,25.115
1,mlp.gate_proj,w8a8,2048,27648,5120,24.291,31.067,47.013
1,mlp.gate_proj,w8a8-mg1024,2048,27648,5120,27.941,33.486,50.771
1,mlp.gate_proj,w4a8-mg1024,2048,27648,5120,27.941,11.899,36.012
1,mlp.gate_proj,w4a8-pc,2048,27648,5120,24.291,10.117,30.748
1,mlp.up_proj,w8a8,2048,27648,5120,24.291,33.481,33.515
1,mlp.up_proj,w8a8-mg1024,2048,27648,5120,27.941,36.224,38.06
1,mlp.up_proj,w4a8-mg1024,2048,27648,5120,27.941,12.595,24.705
1,mlp.up_proj,w4a8-pc,2048,27648,5120,24.291,10.26,21.097
1,mlp.down_proj,w8a8,2048,5120,27648,25.663,29.166,9.399
1,mlp.down_proj,w8a8-mg1024,2048,5120,27648,30.769,32.839,14.569
1,mlp.down_proj,w4a8-mg1024,2048,5120,27648,30.769,10.737,13.277
1,mlp.down_proj,w4a8-pc,2048,5120,27648,25.663,8.807,8.862
2,self_attn.q_proj,w8a8,2048,5120,5120,25.879,33.09,38.432
2,self_attn.q_proj,w8a8-mg1024,2048,5120,5120,29.667,35.33,42.17
2,self_attn.q_proj,w4a8-mg1024,2048,5120,5120,29.667,12.511,25.863
2,self_attn.q_proj,w4a8-pc,2048,5120,5120,25.879,10.631,23.323
2,self_attn.k_proj,w8a8,2048,1024,5120,25.879,34.324,38.549
2,self_attn.k_proj,w8a8-mg1024,2048,1024,5120,29.667,36.222,42.317
2,self_attn.k_proj,w4a8-mg1024,2048,1024,5120,29.667,12.989,26.626
2,self_attn.k_proj,w4a8-pc,2048,1024,5120,25.879,11.335,24.437
2,self_attn.v_proj,w8a8,2048,1024,5120,25.879,38.535,27.411
2,self_attn.v_proj,w8a8-mg1024,2048,1024,5120,29.667,39.759,31.253
2,self_attn.v_proj,w4a8-mg1024,2048,1024,5120,29.667,14.875,18.128
2,self_attn.v_proj,w4a8-pc,2048,1024,5120,25.879,13.731,16.857
2,self_attn.o_proj,w8a8,2048,5120,5120,31.459,39.031,36.717
2,self_attn.o_proj,w8a8-mg1024,2048,5120,5120,35.023,40.955,39.606
2,self_attn.o_proj,w4a8-mg1024,2048,5120,5120,35.023,15.787,21.53
2,self_attn.o_proj,w4a8-pc,2048,5120,5120,31.459,13.879,19.831
2,mlp.gate_proj,w8a8,2048,27648,5120,24.738,34.999,47.423
2,mlp.gate_proj,w8a8-mg1024,2048,27648,5120,27.805,36.986,49.892
2,mlp.gate_proj,w4a8-mg1024,2048,27648,5120,27.805,13.958,28.491
2,mlp.gate_proj,w4a8-pc,2048,27648,5120,24.738,12.34,24.134
2,mlp.up_proj,w8a8,2048,27648,5120,24.738,37.296,31.122
2,mlp.up_proj,w8a8-mg1024,2048,27648,5120,27.805,39.072,34.134
2,mlp.up_proj,w4a8-mg1024,2048,27648,5120,27.805,13.948,20.462
2,mlp.up_proj,w4a8-pc,2048,27648,5120,24.738,12.232,18.585
2,mlp.down_proj,w8a8,2048,5120,27648,22.585,32.968,20.958
2,mlp.down_proj,w8a8-mg1024,2048,5120,27648,32.561,36.015,33.331
2,mlp.down_proj,w4a8-mg1024,2048,5120,27648,32.561,15.624,19.618
2,mlp.down_proj,w4a8-pc,2048,5120,27648,22.585,13.163,15.372
3,self_attn.q_proj,w8a8,2048,5120,5120,28.331,36.455,36.724
3,self_attn.q_proj,w8a8-mg1024,2048,5120,5120,31.63,38.119,39.827
3,self_attn.q_proj,w4a8-mg1024,2048,5120,5120,31.63,13.857,23.038
3,self_attn.q_proj,w4a8-pc,2048,5120,5120,28.331,12.275,21.258
3,self_attn.k_proj,w8a8,2048,1024,5120,28.331,36.766,37.061
3,self_attn.k_proj,w8a8-mg1024,2048,1024,5120,31.63,38.483,40.17
3,self_attn.k_proj,w4a8-mg1024,2048,1024,5120,31.63,14.094,23.695
3,self_attn.k_proj,w4a8-pc,2048,1024,5120,28.331,12.449,21.97
3,self_attn.v_proj,w8a8,2048,1024,5120,28.331,39.659,29.006
3,self_attn.v_proj,w8a8-mg1024,2048,1024,5120,31.63,40.791,32.18
3,self_attn.v_proj,w4a8-mg1024,2048,1024,5120,31.63,15.912,17.523
3,self_attn.v_proj,w4a8-pc,2048,1024,5120,28.331,14.831,16.319
3,self_attn.o_proj,w8a8,2048,5120,5120,28.703,39.422,31.945
3,self_attn.o_proj,w8a8-mg1024,2048,5120,5120,33.529,41.262,36.06
3,self_attn.o_proj,w4a8-mg1024,2048,5120,5120,33.529,16.09,19.381
3,self_attn.o_proj,w4a8-pc,2048,5120,5120,28.703,14.256,17.639
3,mlp.gate_proj,w8a8,2048,27648,5120,24.324,36.808,45.192
3,mlp.gate_proj,w8a8-mg1024,2048,27648,5120,27.673,38.803,48.081
3,mlp.gate_proj,w4a8-mg1024,2048,27648,5120,27.673,15.03,30.269
3,mlp.gate_proj,w4a8-pc,2048,27648,5120,24.324,13.457,28.501
3,mlp.up_proj,w8a8,2048,27648,5120,24.324,39.368,25.59
3,mlp.up_proj,w8a8-mg1024,2048,27648,5120,27.673,40.855,28.861
3,mlp.up_proj,w4a8-mg1024,2048,27648,5120,27.673,15.696,16.854
3,mlp.up_proj,w4a8-pc,2048,27648,5120,24.324,14.214,15.244
3,mlp.down_proj,w8a8,2048,5120,27648,20.564,35.313,18.655
3,mlp.down_proj,w8a8-mg1024,2048,5120,27648,30.717,38.168,28.939
3,mlp.down_proj,w4a8-mg1024,2048,5120,27648,30.717,15.786,18.472
3,mlp.down_proj,w4a8-pc,2048,5120,27648,20.564,13.284,14.132
4,self_attn.q_proj,w8a8,2048,5120,5120,27.656,37.729,35.829
4,self_attn.q_proj,w8a8-mg1024,2048,5120,5120,30.936,39.363,38.884
4,self_attn.q_proj,w4a8-mg1024,2048,5120,5120,30.936,14.431,23.036
4,self_attn.q_proj,w4a8-pc,2048,5120,5120,27.656,12.82,21.336
4,self_attn.k_proj,w8a8,2048,1024,5120,27.656,38.005,36.512
4,self_attn.k_proj,w8a8-mg1024,2048,1024,5120,30.936,39.632,39.576
4,self_attn.k_proj,w4a8-mg1024,2048,1024,5120,30.936,14.689,23.985
4,self_attn.k_proj,w4a8-pc,2048,1024,5120,27.656,13.069,22.278
4,self_attn.v_proj,w8a8,2048,1024,5120,27.656,40.232,28.437
4,self_attn.v_proj,w8a8-mg1024,2048,1024,5120,30.936,41.383,31.57
4,self_attn.v_proj,w4a8-mg1024,2048,1024,5120,30.936,16.319,17.362
4,self_attn.v_proj,w4a8-pc,2048,1024,5120,27.656,15.186,16.218
4,self_attn.o_proj,w8a8,2048,5120,5120,32.336,39.379,34.637
4,self_attn.o_proj,w8a8-mg1024,2048,5120,5120,36.044,41.304,37.903
4,self_attn.o_proj,w4a8-mg1024,2048,5120,5120,36.044,16.134,19.062
4,self_attn.o_proj,w4a8-pc,2048,5120,5120,32.336,14.252,17.325
4,mlp.gate_proj,w8a8,2048,27648,5120,22.946,38.758,39.992
4,mlp.gate_proj,w8a8-mg1024,2048,27648,5120,27.04,40.507,43.866
4,mlp.gate_proj,w4a8-mg1024,2048,27648,5120,27.04,15.879,32.141
4,mlp.gate_proj,w4a8-pc,2048,27648,5120,22.946,14.408,29.364
4,mlp.up_proj,w8a8,2048,27648,5120,22.946,40.031,27.161
4,mlp.up_proj,w8a8-mg1024,2048,27648,5120,27.04,41.351,31.168
4,mlp.up_proj,w4a8-mg1024,2048,27648,5120,27.04,16.191,20.111
4,mlp.up_proj,w4a8-pc,2048,27648,5120,22.946,14.879,18.536
4,mlp.down_proj,w8a8,2048,5120,27648,34.838,36.014,34.031
4,mlp.down_proj,w8a8-mg1024,2048,5120,27648,44.09,39.056,43.651
4,mlp.down_proj,w4a8-mg1024,2048,5120,27648,44.09,15.573,27.637
4,mlp.down_proj,w4a8-pc,2048,5120,27648,34.838,12.808,24.037
5,self_attn.q_proj,w8a8,2048,5120,5120,27.109,39.103,33.986
5,self_attn.q_proj,w8a8-mg1024,2048,5120,5120,30.412,40.574,37.137
5,self_attn.q_proj,w4a8-mg1024,2048,5120,5120,30.412,15.436,22.481
5,self_attn.q_proj,w4a8-pc,2048,5120,5120,27.109,13.968,20.907
5,self_attn.k_proj,w8a8,2048,1024,5120,27.109,39.531,35.208
5,self_attn.k_proj,w8a8-mg1024,2048,1024,5120,30.412,40.823,38.341
5,self_attn.k_proj,w4a8-mg1024,2048,1024,5120,30.412,15.676,23.923
5,self_attn.k_proj,w4a8-pc,2048,1024,5120,27.109,14.388,22.572
5,self_attn.v_proj,w8a8,2048,1024,5120,27.109,40.739,27.148
5,self_attn.v_proj,w8a8-mg1024,2048,1024,5120,30.412,41.788,30.342
5,self_attn.v_proj,w4a8-mg1024,2048,1024,5120,30.412,16.618,16.732
5,self_attn.v_proj,w4a8-pc,2048,1024,5120,27.109,15.578,15.573
5,self_attn.o_proj,w8a8,2048,5120,5120,29.075,40.144,30.773
5,self_attn.o_proj,w8a8-mg1024,2048,5120,5120,33.796,41.556,35.255
5,self_attn.o_proj,w4a8-mg1024,2048,5120,5120,33.796,16.375,18.385
5,self_attn.o_proj,w4a8-pc,2048,5120,5120,29.075,14.977,16.858
5,mlp.gate_proj,w8a8,2048,27648,5120,23.899,39.422,39.091
5,mlp.gate_proj,w8a8-mg1024,2048,27648,5120,27.611,41.041,42.606
5,mlp.gate_proj,w4a8-mg1024,2048,27648,5120,27.611,16.182,30.999
5,mlp.gate_proj,w4a8-pc,2048,27648,5120,23.899,14.723,29.305
5,mlp.up_proj,w8a8,2048,27648,5120,23.899,40.427,21.875
5,mlp.up_proj,w8a8-mg1024,2048,27648,5120,27.611,41.637,25.514
5,mlp.up_proj,w4a8-mg1024,2048,27648,5120,27.611,16.471,14.439
5,mlp.up_proj,w4a8-pc,2048,27648,5120,23.899,15.262,12.967
5,mlp.down_proj,w8a8,2048,5120,27648,36.076,37.373,33.553
5,mlp.down_proj,w8a8-mg1024,2048,5120,27648,46.476,40.143,41.756
5,mlp.down_proj,w4a8-mg1024,2048,5120,27648,46.476,16.031,27.525
5,mlp.down_proj,w4a8-pc,2048,5120,27648,36.076,13.484,24.308
6,self_attn.q_proj,w8a8,2048,5120,5120,25.909,39.355,32.381
6,self_attn.q_proj,w8a8-mg1024,2048,5120,5120,29.276,40.817,35.621
6,self_attn.q_proj,w4a8-mg1024,2048,5120,5120,29.276,15.661,22.16
6,self_attn.q_proj,w4a8-pc,2048,5120,5120,25.909,14.197,20.585
6,self_attn.k_proj,w8a8,2048,1024,5120,25.909,39.854,33.847
6,self_attn.k_proj,w8a8-mg1024,2048,1024,5120,29.276,41.108,37.058
6,self_attn.k_proj,w4a8-mg1024,2048,1024,5120,29.276,15.946,23.916
6,self_attn.k_proj,w4a8-pc,2048,1024,5120,25.909,14.694,22.571
6,self_attn.v_proj,w8a8,2048,1024,5120,25.909,40.765,25.894
6,self_attn.v_proj,w8a8-mg1024,2048,1024,5120,29.276,41.803,29.17
6,self_attn.v_proj,w4a8-mg1024,2048,1024,5120,29.276,16.628,16.653
6,self_attn.v_proj,w4a8-pc,2048,1024,5120,25.909,15.594,15.474
6,self_attn.o_proj,w8a8,2048,5120,5120,29.172,39.604,31.137
6,self_attn.o_proj,w8a8-mg1024,2048,5120,5120,33.994,41.413,35.65
6,self_attn.o_proj,w4a8-mg1024,2048,5120,5120,33.994,16.249,18.622
6,self_attn.o_proj,w4a8-pc,2048,5120,5120,29.172,14.493,16.698
6,mlp.gate_proj,w8a8,2048,27648,5120,23.793,39.568,37.911
6,mlp.gate_proj,w8a8-mg1024,2048,27648,5120,27.494,41.176,41.437
6,mlp.gate_proj,w4a8-mg1024,2048,27648,5120,27.494,16.218,29.659
6,mlp.gate_proj,w4a8-pc,2048,27648,5120,23.793,14.746,27.741
6,mlp.up_proj,w8a8,2048,27648,5120,23.793,40.2,22.152
6,mlp.up_proj,w8a8-mg1024,2048,27648,5120,27.494,41.565,25.781
6,mlp.up_proj,w4a8-mg1024,2048,27648,5120,27.494,16.408,14.678
6,mlp.up_proj,w4a8-pc,2048,27648,5120,23.793,15.07,13.142
6,mlp.down_proj,w8a8,2048,5120,27648,24.588,37.818,24.393
6,mlp.down_proj,w8a8-mg1024,2048,5120,27648,35.152,40.552,35.38
6,mlp.down_proj,w4a8-mg1024,2048,5120,27648,35.152,16.092,19.835
6,mlp.down_proj,w4a8-pc,2048,5120,27648,24.588,13.636,17.159
7,self_attn.q_proj,w8a8,2048,5120,5120,26.839,39.563,32.365
7,self_attn.q_proj,w8a8-mg1024,2048,5120,5120,30.322,41.067,35.703
7,self_attn.q_proj,w4a8-mg1024,2048,5120,5120,30.322,15.904,21.588
7,self_attn.q_proj,w4a8-pc,2048,5120,5120,26.839,14.404,19.96
7,self_attn.k_proj,w8a8,2048,1024,5120,26.839,39.41,34.13
7,self_attn.k_proj,w8a8-mg1024,2048,1024,5120,30.322,40.819,37.472
7,self_attn.k_proj,w4a8-mg1024,2048,1024,5120,30.322,15.668,23.086
7,self_attn.k_proj,w4a8-pc,2048,1024,5120,26.839,14.265,21.573
7,self_attn.v_proj,w8a8,2048,1024,5120,26.839,40.735,26.533
7,self_attn.v_proj,w8a8-mg1024,2048,1024,5120,30.322,41.813,29.888
7,self_attn.v_proj,w4a8-mg1024,2048,1024,5120,30.322,16.644,16.449
7,self_attn.v_proj,w4a8-pc,2048,1024,5120,26.839,15.578,15.27
7,self_attn.o_proj,w8a8,2048,5120,5120,30.247,40.151,31.641
7,self_attn.o_proj,w8a8-mg1024,2048,5120,5120,34.723,41.551,35.701
7,self_attn.o_proj,w4a8-mg1024,2048,5120,5120,34.723,16.373,18.075
7,self_attn.o_proj,w4a8-pc,2048,5120,5120,30.247,14.993,16.63
7,mlp.gate_proj,w8a8,2048,27648,5120,22.009,38.956,35.118
7,mlp.gate_proj,w8a8-mg1024,2048,27648,5120,27.032,40.95,39.965
7,mlp.gate_proj,w4a8-mg1024,2048,27648,5120,27.032,15.838,28.73
7,mlp.gate_proj,w4a8-pc,2048,27648,5120,22.009,13.918,26.52
7,mlp.up_proj,w8a8,2048,27648,5120,22.009,40.453,20.045
7,mlp.up_proj,w8a8-mg1024,2048,27648,5120,27.032,41.742,24.98
7,mlp.up_proj,w4a8-mg1024,2048,27648,5120,27.032,16.578,14.555
7,mlp.up_proj,w4a8-pc,2048,27648,5120,22.009,15.306,12.847
7,mlp.down_proj,w8a8,2048,5120,27648,16.591,38.737,16.19
7,mlp.down_proj,w8a8-mg1024,2048,5120,27648,26.902,41.268,27.213
7,mlp.down_proj,w4a8-mg1024,2048,5120,27648,26.902,16.147,16.495
7,mlp.down_proj,w4a8-pc,2048,5120,27648,16.591,13.757,12.087
8,self_attn.q_proj,w8a8,2048,5120,5120,26.528,38.77,32.825
8,self_attn.q_proj,w8a8-mg1024,2048,5120,5120,29.908,40.359,36.074
8,self_attn.q_proj,w4a8-mg1024,2048,5120,5120,29.908,15.195,21.657
8,self_attn.q_proj,w4a8-pc,2048,5120,5120,26.528,13.604,19.895
8,self_attn.k_proj,w8a8,2048,1024,5120,26.528,38.965,33.32
8,self_attn.k_proj,w8a8-mg1024,2048,1024,5120,29.908,40.387,36.553
8,self_attn.k_proj,w4a8-mg1024,2048,1024,5120,29.908,15.221,22.116
8,self_attn.k_proj,w4a8-pc,2048,1024,5120,26.528,13.798,20.706
8,self_attn.v_proj,w8a8,2048,1024,5120,26.528,40.53,25.038
8,self_attn.v_proj,w8a8-mg1024,2048,1024,5120,29.908,41.655,28.308
8,self_attn.v_proj,w4a8-mg1024,2048,1024,5120,29.908,16.484,14.989
8,self_attn.v_proj,w4a8-pc,2048,1024,5120,26.528,15.365,13.804
8,self_attn.o_proj,w8a8,2048,5120,5120,29.729,39.559,31.59
8,self_attn.o_proj,w8a8-mg1024,2048,5120,5120,33.738,41.219,35.338
8,self_attn.o_proj,w4a8-mg1024,2048,5120,5120,33.738,16.043,18.298
8,self_attn.o_proj,w4a8-pc,2048,5120,5120,29.729,14.403,16.576
8,mlp.gate_proj,w8a8,2048,27648,5120,22.111,38.192,33.972
8,mlp.gate_proj,w8a8-mg1024,2048,27648,5120,26.712,40.546,38.428
8,mlp.gate_proj,w4a8-mg1024,2048,27648,5120,26.712,15.372,27.336
8,mlp.gate_proj,w4a8-pc,2048,27648,5120,22.111,13.018,24.696
8,mlp.up_proj,w8a8,2048,27648,5120,22.111,40.645,17.561
8,mlp.up_proj,w8a8-mg1024,2048,27648,5120,26.712,41.784,22.09
8,mlp.up_proj,w4a8-mg1024,2048,27648,5120,26.712,16.61,12.305
8,mlp.up_proj,w4a8-pc,2048,27648,5120,22.111,15.481,10.872
8,mlp.down_proj,w8a8,2048,5120,27648,17.297,38.426,18.115
8,mlp.down_proj,w8a8-mg1024,2048,5120,27648,27.109,41.179,28.05
8,mlp.down_proj,w4a8-mg1024,2048,5120,27648,27.109,16.039,16.749
8,mlp.down_proj,w4a8-pc,2048,5120,27648,17.297,13.449,12.695
9,self_attn.q_proj,w8a8,2048,5120,5120,25.439,39.495,30.254
9,self_attn.q_proj,w8a8-mg1024,2048,5120,5120,29.429,41.009,34.112
9,self_attn.q_proj,w4a8-mg1024,2048,5120,5120,29.429,15.842,20.709
9,self_attn.q_proj,w4a8-pc,2048,5120,5120,25.439,14.327,19.039
9,self_attn.k_proj,w8a8,2048,1024,5120,25.439,39.166,32.912
9,self_attn.k_proj,w8a8-mg1024,2048,1024,5120,29.429,40.686,36.766
9,self_attn.k_proj,w4a8-mg1024,2048,1024,5120,29.429,15.518,22.915
9,self_attn.k_proj,w4a8-pc,2048,1024,5120,25.439,14.004,21.451
9,self_attn.v_proj,w8a8,2048,1024,5120,25.439,40.394,24.731
9,self_attn.v_proj,w8a8-mg1024,2048,1024,5120,29.429,41.566,28.594
9,self_attn.v_proj,w4a8-mg1024,2048,1024,5120,29.429,16.4,15.864
9,self_attn.v_proj,w4a8-pc,2048,1024,5120,25.439,15.238,14.578
9,self_attn.o_proj,w8a8,2048,5120,5120,31.779,39.722,32.625
9,self_attn.o_proj,w8a8-mg1024,2048,5120,5120,35.485,41.33,35.959
9,self_attn.o_proj,w4a8-mg1024,2048,5120,5120,35.485,16.154,17.643
9,self_attn.o_proj,w4a8-pc,2048,5120,5120,31.779,14.569,15.991
9,mlp.gate_proj,w8a8,2048,27648,5120,32.613,39.585,36.866
9,mlp.gate_proj,w8a8-mg1024,2048,27648,5120,36.872,41.097,40.453
9,mlp.gate_proj,w4a8-mg1024,2048,27648,5120,36.872,16.004,21.009
9,mlp.gate_proj,w4a8-pc,2048,27648,5120,32.613,14.607,19.209
9,mlp.up_proj,w8a8,2048,27648,5120,32.613,40.583,32.732
9,mlp.up_proj,w8a8-mg1024,2048,27648,5120,36.872,41.73,36.376
9,mlp.up_proj,w4a8-mg1024,2048,27648,5120,36.872,16.548,17.295
9,mlp.up_proj,w4a8-pc,2048,27648,5120,32.613,15.409,16.122
9,mlp.down_proj,w8a8,2048,5120,27648,18.302,38.459,20.062
9,mlp.down_proj,w8a8-mg1024,2048,5120,27648,27.961,41.244,29.443
9,mlp.down_proj,w4a8-mg1024,2048,5120,27648,27.961,16.077,17.507
9,mlp.down_proj,w4a8-pc,2048,5120,27648,18.302,13.41,13.619
10,self_attn.q_proj,w8a8,2048,5120,5120,26.737,39.584,29.875
10,self_attn.q_proj,w8a8-mg1024,2048,5120,5120,30.647,41.119,33.619
10,self_attn.q_proj,w4a8-mg1024,2048,5120,5120,30.647,15.949,19.181
10,self_attn.q_proj,w4a8-pc,2048,5120,5120,26.737,14.416,17.534
10,self_attn.k_proj,w8a8,2048,1024,5120,26.737,39.633,32.39
10,self_attn.k_proj,w8a8-mg1024,2048,1024,5120,30.647,41.043,36.121
10,self_attn.k_proj,w4a8-mg1024,2048,1024,5120,30.647,15.881,21.557
10,self_attn.k_proj,w4a8-pc,2048,1024,5120,26.737,14.485,20.013
10,self_attn.v_proj,w8a8,2048,1024,5120,26.737,39.987,26.823
10,self_attn.v_proj,w8a8-mg1024,2048,1024,5120,30.647,41.255,30.57
10,self_attn.v_proj,w4a8-mg1024,2048,1024,5120,30.647,16.081,16.242
10,self_attn.v_proj,w4a8-pc,2048,1024,5120,26.737,14.82,14.879
10,self_attn.o_proj,w8a8,2048,5120,5120,30.716,39.834,31.876
10,self_attn.o_proj,w8a8-mg1024,2048,5120,5120,35.123,41.396,35.892
10,self_attn.o_proj,w4a8-mg1024,2048,5120,5120,35.123,16.218,17.838
10,self_attn.o_proj,w4a8-pc,2048,5120,5120,30.716,14.669,16.278
10,mlp.gate_proj,w8a8,2048,27648,5120,34.066,39.914,36.185
10,mlp.gate_proj,w8a8-mg1024,2048,27648,5120,37.894,41.308,39.342
10,mlp.gate_proj,w4a8-mg1024,2048,27648,5120,37.894,16.14,19.305
10,mlp.gate_proj,w4a8-pc,2048,27648,5120,34.066,14.774,17.909
10,mlp.up_proj,w8a8,2048,27648,5120,34.066,40.508,33.881
10,mlp.up_proj,w8a8-mg1024,2048,27648,5120,37.894,41.669,37.05
10,mlp.up_proj,w4a8-mg1024,2048,27648,5120,37.894,16.487,17.205
10,mlp.up_proj,w4a8-pc,2048,27648,5120,34.066,15.332,15.997
10,mlp.down_proj,w8a8,2048,5120,27648,19.967,37.801,22.128
10,mlp.down_proj,w8a8-mg1024,2048,5120,27648,28.928,40.868,30.916
10,mlp.down_proj,w4a8-mg1024,2048,5120,27648,28.928,15.76,17.793
10,mlp.down_proj,w4a8-pc,2048,5120,27648,19.967,13.048,12.966
11,self_attn.q_proj,w8a8,2048,5120,5120,25.737,39.258,30.425
11,self_attn.q_proj,w8a8-mg1024,2048,5120,5120,29.503,40.808,34.072
11,self_attn.q_proj,w4a8-mg1024,2048,5120,5120,29.503,15.64,20.366
11,self_attn.q_proj,w4a8-pc,2048,5120,5120,25.737,14.099,18.664
11,self_attn.k_proj,w8a8,2048,1024,5120,25.737,39.692,32.793
11,self_attn.k_proj,w8a8-mg1024,2048,1024,5120,29.503,41.033,36.428
11,self_attn.k_proj,w4a8-mg1024,2048,1024,5120,29.503,15.859,22.947
11,self_attn.k_proj,w4a8-pc,2048,1024,5120,25.737,14.526,21.384
11,self_attn.v_proj,w8a8,2048,1024,5120,25.737,40.214,25.471
11,self_attn.v_proj,w8a8-mg1024,2048,1024,5120,29.503,41.43,29.121
11,self_attn.v_proj,w4a8-mg1024,2048,1024,5120,29.503,16.255,16.0
11,self_attn.v_proj,w4a8-pc,2048,1024,5120,25.737,15.047,14.808
11,self_attn.o_proj,w8a8,2048,5120,5120,30.861,39.616,32.903
11,self_attn.o_proj,w8a8-mg1024,2048,5120,5120,34.314,41.244,36.09
11,self_attn.o_proj,w4a8-mg1024,2048,5120,5120,34.314,16.065,18.609
11,self_attn.o_proj,w4a8-pc,2048,5120,5120,30.861,14.447,16.967
11,mlp.gate_proj,w8a8,2048,27648,5120,18.42,39.777,26.69
11,mlp.gate_proj,w8a8-mg1024,2048,27648,5120,25.36,41.488,33.516
11,mlp.gate_proj,w4a8-mg1024,2048,27648,5120,25.36,16.309,24.92
11,mlp.gate_proj,w4a8-pc,2048,27648,5120,18.42,14.601,22.173
11,mlp.up_proj,w8a8,2048,27648,5120,18.42,40.688,15.634
11,mlp.up_proj,w8a8-mg1024,2048,27648,5120,25.36,41.804,22.506
11,mlp.up_proj,w4a8-mg1024,2048,27648,5120,25.36,16.622,14.503
11,mlp.up_proj,w4a8-pc,2048,27648,5120,18.42,15.509,11.923
11,mlp.down_proj,w8a8,2048,5120,27648,20.535,38.753,21.656
11,mlp.down_proj,w8a8-mg1024,2048,5120,27648,29.309,41.511,30.177
11,mlp.down_proj,w4a8-mg1024,2048,5120,27648,29.309,16.34,17.292
11,mlp.down_proj,w4a8-pc,2048,5120,27648,20.535,13.75,13.919
12,self_attn.q_proj,w8a8,2048,5120,5120,27.234,39.4,32.065
12,self_attn.q_proj,w8a8-mg1024,2048,5120,5120,30.405,40.895,35.111
12,self_attn.q_proj,w4a8-mg1024,2048,5120,5120,30.405,15.723,20.728
12,self_attn.q_proj,w4a8-pc,2048,5120,5120,27.234,14.23,19.155
12,self_attn.k_proj,w8a8,2048,1024,5120,27.234,39.557,33.892
12,self_attn.k_proj,w8a8-mg1024,2048,1024,5120,30.405,40.929,36.897
12,self_attn.k_proj,w4a8-mg1024,2048,1024,5120,30.405,15.758,22.493
12,self_attn.k_proj,w4a8-pc,2048,1024,5120,27.234,14.402,21.069
12,self_attn.v_proj,w8a8,2048,1024,5120,27.234,40.708,26.49
12,self_attn.v_proj,w8a8-mg1024,2048,1024,5120,30.405,41.771,29.545
12,self_attn.v_proj,w4a8-mg1024,2048,1024,5120,30.405,16.598,16.015
12,self_attn.v_proj,w4a8-pc,2048,1024,5120,27.234,15.543,14.889
12,self_attn.o_proj,w8a8,2048,5120,5120,30.756,39.866,31.65
12,self_attn.o_proj,w8a8-mg1024,2048,5120,5120,34.905,41.386,35.495
12,self_attn.o_proj,w4a8-mg1024,2048,5120,5120,34.905,16.214,17.566
12,self_attn.o_proj,w4a8-pc,2048,5120,5120,30.756,14.732,16.062
12,mlp.gate_proj,w8a8,2048,27648,5120,35.33,40.68,36.84
12,mlp.gate_proj,w8a8-mg1024,2048,27648,5120,39.36,41.831,39.986
12,mlp.gate_proj,w4a8-mg1024,2048,27648,5120,39.36,16.647,19.331
12,mlp.gate_proj,w4a8-pc,2048,27648,5120,35.33,15.504,18.159
12,mlp.up_proj,w8a8,2048,27648,5120,35.33,40.748,34.797
12,mlp.up_proj,w8a8-mg1024,2048,27648,5120,39.36,41.847,37.943
12,mlp.up_proj,w4a8-mg1024,2048,27648,5120,39.36,16.663,17.236
12,mlp.up_proj,w4a8-pc,2048,27648,5120,35.33,15.568,16.121
12,mlp.down_proj,w8a8,2048,5120,27648,20.571,39.08,21.637
12,mlp.down_proj,w8a8-mg1024,2048,5120,27648,29.404,41.676,30.198
12,mlp.down_proj,w4a8-mg1024,2048,5120,27648,29.404,16.519,17.376
12,mlp.down_proj,w4a8-pc,2048,5120,27648,20.571,14.091,14.023
13,self_attn.q_proj,w8a8,2048,5120,5120,27.561,39.541,31.544
13,self_attn.q_proj,w8a8-mg1024,2048,5120,5120,30.458,41.006,34.337
13,self_attn.q_proj,w4a8-mg1024,2048,5120,5120,30.458,15.838,20.008
13,self_attn.q_proj,w4a8-pc,2048,5120,5120,27.561,14.37,18.461
13,self_attn.k_proj,w8a8,2048,1024,5120,27.561,39.136,33.949
13,self_attn.k_proj,w8a8-mg1024,2048,1024,5120,30.458,40.55,36.686
13,self_attn.k_proj,w4a8-mg1024,2048,1024,5120,30.458,15.381,21.985
13,self_attn.k_proj,w4a8-pc,2048,1024,5120,27.561,13.99,20.442
13,self_attn.v_proj,w8a8,2048,1024,5120,27.561,40.679,26.344
13,self_attn.v_proj,w8a8-mg1024,2048,1024,5120,30.458,41.744,29.121
13,self_attn.v_proj,w4a8-mg1024,2048,1024,5120,30.458,16.569,15.471
13,self_attn.v_proj,w4a8-pc,2048,1024,5120,27.561,15.511,14.345
13,self_attn.o_proj,w8a8,2048,5120,5120,30.426,39.513,31.38
13,self_attn.o_proj,w8a8-mg1024,2048,5120,5120,34.971,41.328,35.519
13,self_attn.o_proj,w4a8-mg1024,2048,5120,5120,34.971,16.158,17.584
13,self_attn.o_proj,w4a8-pc,2048,5120,5120,30.426,14.414,15.779
13,mlp.gate_proj,w8a8,2048,27648,5120,34.723,40.594,36.722
13,mlp.gate_proj,w8a8-mg1024,2048,27648,5120,38.819,41.774,39.991
13,mlp.gate_proj,w4a8-mg1024,2048,27648,5120,38.819,16.592,19.644
13,mlp.gate_proj,w4a8-pc,2048,27648,5120,34.723,15.419,18.451
13,mlp.up_proj,w8a8,2048,27648,5120,34.723,40.682,34.199
13,mlp.up_proj,w8a8-mg1024,2048,27648,5120,38.819,41.796,37.469
13,mlp.up_proj,w4a8-mg1024,2048,27648,5120,38.819,16.614,17.081
13,mlp.up_proj,w4a8-pc,2048,27648,5120,34.723,15.507,15.945
13,mlp.down_proj,w8a8,2048,5120,27648,19.782,38.717,21.003
13,mlp.down_proj,w8a8-mg1024,2048,5120,27648,29.142,41.54,30.048
13,mlp.down_proj,w4a8-mg1024,2048,5120,27648,29.142,16.375,17.33
13,mlp.down_proj,w4a8-pc,2048,5120,27648,19.782,13.688,13.821
14,self_attn.q_proj,w8a8,2048,5120,5120,27.865,39.456,31.675
14,self_attn.q_proj,w8a8-mg1024,2048,5120,5120,31.082,40.96,34.758
14,self_attn.q_proj,w4a8-mg1024,2048,5120,5120,31.082,15.787,19.783
14,self_attn.q_proj,w4a8-pc,2048,5120,5120,27.865,14.286,18.229
14,self_attn.k_proj,w8a8,2048,1024,5120,27.865,39.009,33.51
14,self_attn.k_proj,w8a8-mg1024,2048,1024,5120,31.082,40.523,36.556
14,self_attn.k_proj,w4a8-mg1024,2048,1024,5120,31.082,15.363,21.402
14,self_attn.k_proj,w4a8-pc,2048,1024,5120,27.865,13.858,19.732
14,self_attn.v_proj,w8a8,2048,1024,5120,27.865,40.725,27.473
14,self_attn.v_proj,w8a8-mg1024,2048,1024,5120,31.082,41.776,30.549
14,self_attn.v_proj,w4a8-mg1024,2048,1024,5120,31.082,16.599,16.42
14,self_attn.v_proj,w4a8-pc,2048,1024,5120,27.865,15.563,15.158
14,self_attn.o_proj,w8a8,2048,5120,5120,30.868,40.013,31.616
14,self_attn.o_proj,w8a8-mg1024,2048,5120,5120,34.655,41.547,35.038
14,self_attn.o_proj,w4a8-mg1024,2048,5120,5120,34.655,16.383,17.513
14,self_attn.o_proj,w4a8-pc,2048,5120,5120,30.868,14.934,16.016
14,mlp.gate_proj,w8a8,2048,27648,5120,35.38,40.479,37.283
14,mlp.gate_proj,w8a8-mg1024,2048,27648,5120,39.089,41.706,40.219
14,mlp.gate_proj,w4a8-mg1024,2048,27648,5120,39.089,16.534,19.69
14,mlp.gate_proj,w4a8-pc,2048,27648,5120,35.38,15.326,18.447
14,mlp.up_proj,w8a8,2048,27648,5120,35.38,40.691,34.726
14,mlp.up_proj,w8a8-mg1024,2048,27648,5120,39.089,41.8,37.661
14,mlp.up_proj,w4a8-mg1024,2048,27648,5120,39.089,16.617,17.096
14,mlp.up_proj,w4a8-pc,2048,27648,5120,35.38,15.51,15.969
14,mlp.down_proj,w8a8,2048,5120,27648,18.961,38.866,20.087
14,mlp.down_proj,w8a8-mg1024,2048,5120,27648,28.869,41.55,29.715
14,mlp.down_proj,w4a8-mg1024,2048,5120,27648,28.869,16.386,17.258
14,mlp.down_proj,w4a8-pc,2048,5120,27648,18.961,13.834,13.666
15,self_attn.q_proj,w8a8,2048,5120,5120,27.616,39.617,31.285
15,self_attn.q_proj,w8a8-mg1024,2048,5120,5120,31.023,41.098,34.523
15,self_attn.q_proj,w4a8-mg1024,2048,5120,5120,31.023,15.923,19.744
15,self_attn.q_proj,w4a8-pc,2048,5120,5120,27.616,14.44,18.173
15,self_attn.k_proj,w8a8,2048,1024,5120,27.616,39.113,33.988
15,self_attn.k_proj,w8a8-mg1024,2048,1024,5120,31.023,40.585,37.196
15,self_attn.k_proj,w4a8-mg1024,2048,1024,5120,31.023,15.421,21.96
15,self_attn.k_proj,w4a8-pc,2048,1024,5120,27.616,13.952,20.411
15,self_attn.v_proj,w8a8,2048,1024,5120,27.616,40.643,26.668
15,self_attn.v_proj,w8a8-mg1024,2048,1024,5120,31.023,41.689,29.921
15,self_attn.v_proj,w4a8-mg1024,2048,1024,5120,31.023,16.522,15.787
15,self_attn.v_proj,w4a8-pc,2048,1024,5120,27.616,15.478,14.66
15,self_attn.o_proj,w8a8,2048,5120,5120,31.945,40.28,32.203
15,self_attn.o_proj,w8a8-mg1024,2048,5120,5120,35.797,41.612,35.575
15,self_attn.o_proj,w4a8-mg1024,2048,5120,5120,35.797,16.44,17.226
15,self_attn.o_proj,w4a8-pc,2048,5120,5120,31.945,15.158,15.888
15,mlp.gate_proj,w8a8,2048,27648,5120,34.79,40.599,37.283
15,mlp.gate_proj,w8a8-mg1024,2048,27648,5120,38.422,41.786,40.243
15,mlp.gate_proj,w4a8-mg1024,2048,27648,5120,38.422,16.607,20.175
15,mlp.gate_proj,w4a8-pc,2048,27648,5120,34.79,15.427,18.975
15,mlp.up_proj,w8a8,2048,27648,5120,34.79,40.766,34.188
15,mlp.up_proj,w8a8-mg1024,2048,27648,5120,38.422,41.842,37.14
15,mlp.up_proj,w4a8-mg1024,2048,27648,5120,38.422,16.661,17.039
15,mlp.up_proj,w4a8-pc,2048,27648,5120,34.79,15.586,15.946
15,mlp.down_proj,w8a8,2048,5120,27648,18.934,38.983,20.208
15,mlp.down_proj,w8a8-mg1024,2048,5120,27648,28.622,41.574,29.581
15,mlp.down_proj,w4a8-mg1024,2048,5120,27648,28.622,16.403,17.329
15,mlp.down_proj,w4a8-pc,2048,5120,27648,18.934,13.864,13.802
16,self_attn.q_proj,w8a8,2048,5120,5120,27.015,39.282,31.865
16,self_attn.q_proj,w8a8-mg1024,2048,5120,5120,30.107,40.815,34.846
16,self_attn.q_proj,w4a8-mg1024,2048,5120,5120,30.107,15.639,20.638
16,self_attn.q_proj,w4a8-pc,2048,5120,5120,27.015,14.107,18.971
16,self_attn.k_proj,w8a8,2048,1024,5120,27.015,39.01,33.631
16,self_attn.k_proj,w8a8-mg1024,2048,1024,5120,30.107,40.413,36.575
16,self_attn.k_proj,w4a8-mg1024,2048,1024,5120,30.107,15.246,22.125
16,self_attn.k_proj,w4a8-pc,2048,1024,5120,27.015,13.848,20.524
16,self_attn.v_proj,w8a8,2048,1024,5120,27.015,40.636,25.795
16,self_attn.v_proj,w8a8-mg1024,2048,1024,5120,30.107,41.72,28.769
16,self_attn.v_proj,w4a8-mg1024,2048,1024,5120,30.107,16.543,15.321
16,self_attn.v_proj,w4a8-pc,2048,1024,5120,27.015,15.464,14.184
16,self_attn.o_proj,w8a8,2048,5120,5120,30.53,39.276,31.603
16,self_attn.o_proj,w8a8-mg1024,2048,5120,5120,34.157,41.066,34.866
16,self_attn.o_proj,w4a8-mg1024,2048,5120,5120,34.157,15.911,17.455
16,self_attn.o_proj,w4a8-pc,2048,5120,5120,30.53,14.198,15.682
16,mlp.gate_proj,w8a8,2048,27648,5120,36.128,40.481,37.55
16,mlp.gate_proj,w8a8-mg1024,2048,27648,5120,39.245,41.693,40.033
16,mlp.gate_proj,w4a8-mg1024,2048,27648,5120,39.245,16.517,19.378
16,mlp.gate_proj,w4a8-pc,2048,27648,5120,36.128,15.316,18.159
16,mlp.up_proj,w8a8,2048,27648,5120,36.128,40.593,35.335
16,mlp.up_proj,w8a8-mg1024,2048,27648,5120,39.245,41.736,37.806
16,mlp.up_proj,w4a8-mg1024,2048,27648,5120,39.245,16.556,17.113
16,mlp.up_proj,w4a8-pc,2048,27648,5120,36.128,15.42,15.957
16,mlp.down_proj,w8a8,2048,5120,27648,20.002,38.845,21.112
16,mlp.down_proj,w8a8-mg1024,2048,5120,27648,29.339,41.547,30.155
16,mlp.down_proj,w4a8-mg1024,2048,5120,27648,29.339,16.384,17.241
16,mlp.down_proj,w4a8-pc,2048,5120,27648,20.002,13.823,13.711
17,self_attn.q_proj,w8a8,2048,5120,5120,28.358,39.693,32.575
17,self_attn.q_proj,w8a8-mg1024,2048,5120,5120,31.3,41.103,35.376
17,self_attn.q_proj,w4a8-mg1024,2048,5120,5120,31.3,15.929,20.382
17,self_attn.q_proj,w4a8-pc,2048,5120,5120,28.358,14.517,18.869
17,self_attn.k_proj,w8a8,2048,1024,5120,28.358,39.587,34.086
17,self_attn.k_proj,w8a8-mg1024,2048,1024,5120,31.3,40.905,36.852
17,self_attn.k_proj,w4a8-mg1024,2048,1024,5120,31.3,15.735,21.775
17,self_attn.k_proj,w4a8-pc,2048,1024,5120,28.358,14.415,20.368
17,self_attn.v_proj,w8a8,2048,1024,5120,28.358,40.659,28.319
17,self_attn.v_proj,w8a8-mg1024,2048,1024,5120,31.3,41.75,31.124
17,self_attn.v_proj,w4a8-mg1024,2048,1024,5120,31.3,16.568,16.68
17,self_attn.v_proj,w4a8-pc,2048,1024,5120,28.358,15.484,15.529
17,self_attn.o_proj,w8a8,2048,5120,5120,30.615,39.918,31.412
17,self_attn.o_proj,w8a8-mg1024,2048,5120,5120,34.316,41.414,34.808
17,self_attn.o_proj,w4a8-mg1024,2048,5120,5120,34.316,16.235,17.446
17,self_attn.o_proj,w4a8-pc,2048,5120,5120,30.615,14.757,15.924
17,mlp.gate_proj,w8a8,2048,27648,5120,36.807,40.577,37.776
17,mlp.gate_proj,w8a8-mg1024,2048,27648,5120,39.814,41.757,40.124
17,mlp.gate_proj,w4a8-mg1024,2048,27648,5120,39.814,16.578,19.155
17,mlp.gate_proj,w4a8-pc,2048,27648,5120,36.807,15.41,17.964
17,mlp.up_proj,w8a8,2048,27648,5120,36.807,40.66,35.868
17,mlp.up_proj,w8a8-mg1024,2048,27648,5120,39.814,41.786,38.205
17,mlp.up_proj,w4a8-mg1024,2048,27648,5120,39.814,16.603,17.185
17,mlp.up_proj,w4a8-pc,2048,27648,5120,36.807,15.482,16.043
17,mlp.down_proj,w8a8,2048,5120,27648,20.905,39.033,21.968
17,mlp.down_proj,w8a8-mg1024,2048,5120,27648,29.749,41.659,30.508
17,mlp.down_proj,w4a8-mg1024,2048,5120,27648,29.749,16.494,17.331
17,mlp.down_proj,w4a8-pc,2048,5120,27648,20.905,14.021,14.171
18,self_attn.q_proj,w8a8,2048,5120,5120,27.989,39.469,32.081
18,self_attn.q_proj,w8a8-mg1024,2048,5120,5120,30.821,40.962,34.799
18,self_attn.q_proj,w4a8-mg1024,2048,5120,5120,30.821,15.788,20.08
18,self_attn.q_proj,w4a8-pc,2048,5120,5120,27.989,14.295,18.486
18,self_attn.k_proj,w8a8,2048,1024,5120,27.989,39.307,33.842
18,self_attn.k_proj,w8a8-mg1024,2048,1024,5120,30.821,40.675,36.531
18,self_attn.k_proj,w4a8-mg1024,2048,1024,5120,30.821,15.509,21.676
18,self_attn.k_proj,w4a8-pc,2048,1024,5120,27.989,14.144,20.12
18,self_attn.v_proj,w8a8,2048,1024,5120,27.989,40.623,27.402
18,self_attn.v_proj,w8a8-mg1024,2048,1024,5120,30.821,41.69,30.119
18,self_attn.v_proj,w4a8-mg1024,2048,1024,5120,30.821,16.515,16.119
18,self_attn.v_proj,w4a8-pc,2048,1024,5120,27.989,15.458,14.955
18,self_attn.o_proj,w8a8,2048,5120,5120,31.561,39.885,32.211
18,self_attn.o_proj,w8a8-mg1024,2048,5120,5120,35.338,41.411,35.662
18,self_attn.o_proj,w4a8-mg1024,2048,5120,5120,35.338,16.228,17.463
18,self_attn.o_proj,w4a8-pc,2048,5120,5120,31.561,14.707,15.901
18,mlp.gate_proj,w8a8,2048,27648,5120,36.156,40.511,37.394
18,mlp.gate_proj,w8a8-mg1024,2048,27648,5120,39.267,41.714,39.877
18,mlp.gate_proj,w4a8-mg1024,2048,27648,5120,39.267,16.533,19.207
18,mlp.gate_proj,w4a8-pc,2048,27648,5120,36.156,15.339,18.002
18,mlp.up_proj,w8a8,2048,27648,5120,36.156,40.624,35.534
18,mlp.up_proj,w8a8-mg1024,2048,27648,5120,39.267,41.76,38.002
18,mlp.up_proj,w4a8-mg1024,2048,27648,5120,39.267,16.58,17.315
18,mlp.up_proj,w4a8-pc,2048,27648,5120,36.156,15.451,16.152
18,mlp.down_proj,w8a8,2048,5120,27648,21.52,38.865,22.597
18,mlp.down_proj,w8a8-mg1024,2048,5120,27648,30.079,41.614,30.843
18,mlp.down_proj,w4a8-mg1024,2048,5120,27648,30.079,16.437,17.327
18,mlp.down_proj,w4a8-pc,2048,5120,27648,21.52,13.766,14.186
19,self_attn.q_proj,w8a8,2048,5120,5120,28.1,39.383,32.281
19,self_attn.q_proj,w8a8-mg1024,2048,5120,5120,30.995,40.872,35.036
19,self_attn.q_proj,w4a8-mg1024,2048,5120,5120,30.995,15.698,20.062
19,self_attn.q_proj,w4a8-pc,2048,5120,5120,28.1,14.21,18.555
19,self_attn.k_proj,w8a8,2048,1024,5120,28.1,39.471,33.584
19,self_attn.k_proj,w8a8-mg1024,2048,1024,5120,30.995,40.875,36.325
19,self_attn.k_proj,w4a8-mg1024,2048,1024,5120,30.995,15.704,21.444
19,self_attn.k_proj,w4a8-pc,2048,1024,5120,28.1,14.299,19.921
19,self_attn.v_proj,w8a8,2048,1024,5120,28.1,40.687,28.329
19,self_attn.v_proj,w8a8-mg1024,2048,1024,5120,30.995,41.732,31.105
19,self_attn.v_proj,w4a8-mg1024,2048,1024,5120,30.995,16.557,16.991
19,self_attn.v_proj,w4a8-pc,2048,1024,5120,28.1,15.515,15.856
19,self_attn.o_proj,w8a8,2048,5120,5120,30.829,39.671,32.813
19,self_attn.o_proj,w8a8-mg1024,2048,5120,5120,34.2,41.348,35.895
19,self_attn.o_proj,w4a8-mg1024,2048,5120,5120,34.2,16.169,18.605
19,self_attn.o_proj,w4a8-pc,2048,5120,5120,30.829,14.514,16.972
19,mlp.gate_proj,w8a8,2048,27648,5120,36.851,40.445,37.92
19,mlp.gate_proj,w8a8-mg1024,2048,27648,5120,39.647,41.676,40.176
19,mlp.gate_proj,w4a8-mg1024,2048,27648,5120,39.647,16.497,19.25
19,mlp.gate_proj,w4a8-pc,2048,27648,5120,36.851,15.274,18.022
19,mlp.up_proj,w8a8,2048,27648,5120,36.851,40.586,36.037
19,mlp.up_proj,w8a8-mg1024,2048,27648,5120,39.647,41.73,38.248
19,mlp.up_proj,w4a8-mg1024,2048,27648,5120,39.647,16.547,17.305
19,mlp.up_proj,w4a8-pc,2048,27648,5120,36.851,15.405,16.148
19,mlp.down_proj,w8a8,2048,5120,27648,21.236,38.741,22.319
19,mlp.down_proj,w8a8-mg1024,2048,5120,27648,29.968,41.496,30.768
19,mlp.down_proj,w4a8-mg1024,2048,5120,27648,29.968,16.323,17.233
19,mlp.down_proj,w4a8-pc,2048,5120,27648,21.236,13.621,14.001
20,self_attn.q_proj,w8a8,2048,5120,5120,28.076,39.158,32.317
20,self_attn.q_proj,w8a8-mg1024,2048,5120,5120,30.752,40.629,34.881
20,self_attn.q_proj,w4a8-mg1024,2048,5120,5120,30.752,15.455,19.926
20,self_attn.q_proj,w4a8-pc,2048,5120,5120,28.076,13.985,18.421
20,self_attn.k_proj,w8a8,2048,1024,5120,28.076,38.782,33.386
20,self_attn.k_proj,w8a8-mg1024,2048,1024,5120,30.752,40.2,35.923
20,self_attn.k_proj,w4a8-mg1024,2048,1024,5120,30.752,15.045,20.57
20,self_attn.k_proj,w4a8-pc,2048,1024,5120,28.076,13.658,19.22
20,self_attn.v_proj,w8a8,2048,1024,5120,28.076,40.472,28.05
20,self_attn.v_proj,w8a8-mg1024,2048,1024,5120,30.752,41.584,30.631
20,self_attn.v_proj,w4a8-mg1024,2048,1024,5120,30.752,16.405,16.49
20,self_attn.v_proj,w4a8-pc,2048,1024,5120,28.076,15.297,15.343
20,self_attn.o_proj,w8a8,2048,5120,5120,32.177,39.914,33.034
20,self_attn.o_proj,w8a8-mg1024,2048,5120,5120,35.313,41.436,35.901
20,self_attn.o_proj,w4a8-mg1024,2048,5120,5120,35.313,16.271,17.807
20,self_attn.o_proj,w4a8-pc,2048,5120,5120,32.177,14.786,16.239
20,mlp.gate_proj,w8a8,2048,27648,5120,36.032,40.47,37.383
20,mlp.gate_proj,w8a8-mg1024,2048,27648,5120,39.021,41.682,39.798
20,mlp.gate_proj,w4a8-mg1024,2048,27648,5120,39.021,16.5,19.26
20,mlp.gate_proj,w4a8-pc,2048,27648,5120,36.032,15.296,18.043
20,mlp.up_proj,w8a8,2048,27648,5120,36.032,40.572,35.561
20,mlp.up_proj,w8a8-mg1024,2048,27648,5120,39.021,41.728,37.965
20,mlp.up_proj,w4a8-mg1024,2048,27648,5120,39.021,16.548,17.409
20,mlp.up_proj,w4a8-pc,2048,27648,5120,36.032,15.399,16.24
20,mlp.down_proj,w8a8,2048,5120,27648,22.06,38.671,23.253
20,mlp.down_proj,w8a8-mg1024,2048,5120,27648,30.186,41.493,31.092
20,mlp.down_proj,w4a8-mg1024,2048,5120,27648,30.186,16.33,17.373
20,mlp.down_proj,w4a8-pc,2048,5120,27648,22.06,13.678,14.243
21,self_attn.q_proj,w8a8,2048,5120,5120,27.119,39.932,31.567
21,self_attn.q_proj,w8a8-mg1024,2048,5120,5120,30.212,41.284,34.547
21,self_attn.q_proj,w4a8-mg1024,2048,5120,5120,30.212,16.106,20.66
21,self_attn.q_proj,w4a8-pc,2048,5120,5120,27.119,14.755,19.235
21,self_attn.k_proj,w8a8,2048,1024,5120,27.119,39.702,32.734
21,self_attn.k_proj,w8a8-mg1024,2048,1024,5120,30.212,41.001,35.684
21,self_attn.k_proj,w4a8-mg1024,2048,1024,5120,30.212,15.827,21.541
21,self_attn.k_proj,w4a8-pc,2048,1024,5120,27.119,14.531,20.213
21,self_attn.v_proj,w8a8,2048,1024,5120,27.119,40.536,28.188
21,self_attn.v_proj,w8a8-mg1024,2048,1024,5120,30.212,41.655,31.161
21,self_attn.v_proj,w4a8-mg1024,2048,1024,5120,30.212,16.48,17.621
21,self_attn.v_proj,w4a8-pc,2048,1024,5120,27.119,15.358,16.401
21,self_attn.o_proj,w8a8,2048,5120,5120,32.542,40.153,33.332
21,self_attn.o_proj,w8a8-mg1024,2048,5120,5120,35.391,41.587,35.974
21,self_attn.o_proj,w4a8-mg1024,2048,5120,5120,35.391,16.408,17.869
21,self_attn.o_proj,w4a8-pc,2048,5120,5120,32.542,14.976,16.382
21,mlp.gate_proj,w8a8,2048,27648,5120,36.227,40.438,37.729
21,mlp.gate_proj,w8a8-mg1024,2048,27648,5120,39.074,41.671,40.046
21,mlp.gate_proj,w4a8-mg1024,2048,27648,5120,39.074,16.491,19.472
21,mlp.gate_proj,w4a8-pc,2048,27648,5120,36.227,15.269,18.227
21,mlp.up_proj,w8a8,2048,27648,5120,36.227,40.596,35.827
21,mlp.up_proj,w8a8-mg1024,2048,27648,5120,39.074,41.742,38.118
21,mlp.up_proj,w4a8-mg1024,2048,27648,5120,39.074,16.561,17.539
21,mlp.up_proj,w4a8-pc,2048,27648,5120,36.227,15.419,16.372
21,mlp.down_proj,w8a8,2048,5120,27648,21.333,38.885,22.512
21,mlp.down_proj,w8a8-mg1024,2048,5120,27648,30.118,41.541,30.981
21,mlp.down_proj,w4a8-mg1024,2048,5120,27648,30.118,16.363,17.357
21,mlp.down_proj,w4a8-pc,2048,5120,27648,21.333,13.769,14.276
22,self_attn.q_proj,w8a8,2048,5120,5120,26.95,40.085,30.855
22,self_attn.q_proj,w8a8-mg1024,2048,5120,5120,30.241,41.415,34.01
22,self_attn.q_proj,w4a8-mg1024,2048,5120,5120,30.241,16.24,20.232
22,self_attn.q_proj,w4a8-pc,2048,5120,5120,26.95,14.907,18.807
22,self_attn.k_proj,w8a8,2048,1024,5120,26.95,39.526,32.689
22,self_attn.k_proj,w8a8-mg1024,2048,1024,5120,30.241,40.887,35.845
22,self_attn.k_proj,w4a8-mg1024,2048,1024,5120,30.241,15.71,21.509
22,self_attn.k_proj,w4a8-pc,2048,1024,5120,26.95,14.352,20.161
22,self_attn.v_proj,w8a8,2048,1024,5120,26.95,40.095,26.991
22,self_attn.v_proj,w8a8-mg1024,2048,1024,5120,30.241,41.253,30.172
22,self_attn.v_proj,w4a8-mg1024,2048,1024,5120,30.241,16.079,16.203
22,self_attn.v_proj,w4a8-pc,2048,1024,5120,26.95,14.926,15.075
22,self_attn.o_proj,w8a8,2048,5120,5120,33.893,39.955,33.761
22,self_attn.o_proj,w8a8-mg1024,2048,5120,5120,37.016,41.504,36.515
22,self_attn.o_proj,w4a8-mg1024,2048,5120,5120,37.016,16.328,17.136
22,self_attn.o_proj,w4a8-pc,2048,5120,5120,33.893,14.802,15.61
22,mlp.gate_proj,w8a8,2048,27648,5120,36.249,40.415,37.603
22,mlp.gate_proj,w8a8-mg1024,2048,27648,5120,38.934,41.652,39.818
22,mlp.gate_proj,w4a8-mg1024,2048,27648,5120,38.934,16.475,19.326
22,mlp.gate_proj,w4a8-pc,2048,27648,5120,36.249,15.251,18.08
22,mlp.up_proj,w8a8,2048,27648,5120,36.249,40.618,35.795
22,mlp.up_proj,w8a8-mg1024,2048,27648,5120,38.934,41.754,37.978
22,mlp.up_proj,w4a8-mg1024,2048,27648,5120,38.934,16.571,17.498
22,mlp.up_proj,w4a8-pc,2048,27648,5120,36.249,15.439,16.351
22,mlp.down_proj,w8a8,2048,5120,27648,22.553,38.688,23.62
22,mlp.down_proj,w8a8-mg1024,2048,5120,27648,30.488,41.442,31.268
22,mlp.down_proj,w4a8-mg1024,2048,5120,27648,30.488,16.294,17.246
22,mlp.down_proj,w4a8-pc,2048,5120,27648,22.553,13.632,14.26
23,self_attn.q_proj,w8a8,2048,5120,5120,27.265,40.042,30.809
23,self_attn.q_proj,w8a8-mg1024,2048,5120,5120,30.598,41.372,33.997
23,self_attn.q_proj,w4a8-mg1024,2048,5120,5120,30.598,16.196,19.846
23,self_attn.q_proj,w4a8-pc,2048,5120,5120,27.265,14.862,18.41
23,self_attn.k_proj,w8a8,2048,1024,5120,27.265,39.511,33.125
23,self_attn.k_proj,w8a8-mg1024,2048,1024,5120,30.598,40.908,36.306
23,self_attn.k_proj,w4a8-mg1024,2048,1024,5120,30.598,15.741,21.807
23,self_attn.k_proj,w4a8-pc,2048,1024,5120,27.265,14.355,20.368
23,self_attn.v_proj,w8a8,2048,1024,5120,27.265,40.346,27.051
23,self_attn.v_proj,w8a8-mg1024,2048,1024,5120,30.598,41.47,30.239
23,self_attn.v_proj,w4a8-mg1024,2048,1024,5120,30.598,16.299,16.297
23,self_attn.v_proj,w4a8-pc,2048,1024,5120,27.265,15.178,15.162
23,self_attn.o_proj,w8a8,2048,5120,5120,32.706,39.691,32.448
23,self_attn.o_proj,w8a8-mg1024,2048,5120,5120,36.111,41.349,35.552
23,self_attn.o_proj,w4a8-mg1024,2048,5120,5120,36.111,16.174,16.722
23,self_attn.o_proj,w4a8-pc,2048,5120,5120,32.706,14.524,15.036
23,mlp.gate_proj,w8a8,2048,27648,5120,36.336,40.186,37.76
23,mlp.gate_proj,w8a8-mg1024,2048,27648,5120,38.746,41.491,39.8
23,mlp.gate_proj,w4a8-mg1024,2048,27648,5120,38.746,16.326,19.325
23,mlp.gate_proj,w4a8-pc,2048,27648,5120,36.336,15.053,18.044
23,mlp.up_proj,w8a8,2048,27648,5120,36.336,40.419,35.73
23,mlp.up_proj,w8a8-mg1024,2048,27648,5120,38.746,41.629,37.74
23,mlp.up_proj,w4a8-mg1024,2048,27648,5120,38.746,16.458,17.301
23,mlp.up_proj,w4a8-pc,2048,27648,5120,36.336,15.274,16.103
23,mlp.down_proj,w8a8,2048,5120,27648,20.483,38.395,21.568
23,mlp.down_proj,w8a8-mg1024,2048,5120,27648,29.473,41.355,30.334
23,mlp.down_proj,w4a8-mg1024,2048,5120,27648,29.473,16.204,17.107
23,mlp.down_proj,w4a8-pc,2048,5120,27648,20.483,13.471,13.711
24,self_attn.q_proj,w8a8,2048,5120,5120,26.849,39.651,30.109
24,self_attn.q_proj,w8a8-mg1024,2048,5120,5120,30.192,41.032,33.312
24,self_attn.q_proj,w4a8-mg1024,2048,5120,5120,30.192,15.861,19.202
24,self_attn.q_proj,w4a8-pc,2048,5120,5120,26.849,14.478,17.726
24,self_attn.k_proj,w8a8,2048,1024,5120,26.849,38.876,32.12
24,self_attn.k_proj,w8a8-mg1024,2048,1024,5120,30.192,40.272,35.29
24,self_attn.k_proj,w4a8-mg1024,2048,1024,5120,30.192,15.157,20.63
24,self_attn.k_proj,w4a8-pc,2048,1024,5120,26.849,13.792,19.083
24,self_attn.v_proj,w8a8,2048,1024,5120,26.849,40.514,26.371
24,self_attn.v_proj,w8a8-mg1024,2048,1024,5120,30.192,41.598,29.598
24,self_attn.v_proj,w4a8-mg1024,2048,1024,5120,30.192,16.418,16.179
24,self_attn.v_proj,w4a8-pc,2048,1024,5120,26.849,15.342,14.943
24,self_attn.o_proj,w8a8,2048,5120,5120,32.397,39.848,32.493
24,self_attn.o_proj,w8a8-mg1024,2048,5120,5120,36.055,41.417,35.724
24,self_attn.o_proj,w4a8-mg1024,2048,5120,5120,36.055,16.247,17.012
24,self_attn.o_proj,w4a8-pc,2048,5120,5120,32.397,14.711,15.399
24,mlp.gate_proj,w8a8,2048,27648,5120,37.65,40.56,38.29
24,mlp.gate_proj,w8a8-mg1024,2048,27648,5120,39.905,41.734,40.142
24,mlp.gate_proj,w4a8-mg1024,2048,27648,5120,39.905,16.552,19.087
24,mlp.gate_proj,w4a8-pc,2048,27648,5120,37.65,15.384,17.917
24,mlp.up_proj,w8a8,2048,27648,5120,37.65,40.659,36.634
24,mlp.up_proj,w8a8-mg1024,2048,27648,5120,39.905,41.785,38.459
24,mlp.up_proj,w4a8-mg1024,2048,27648,5120,39.905,16.601,17.391
24,mlp.up_proj,w4a8-pc,2048,27648,5120,37.65,15.479,16.264
24,mlp.down_proj,w8a8,2048,5120,27648,21.202,39.119,22.219
24,mlp.down_proj,w8a8-mg1024,2048,5120,27648,29.728,41.694,30.496
24,mlp.down_proj,w4a8-mg1024,2048,5120,27648,29.728,16.521,17.357
24,mlp.down_proj,w4a8-pc,2048,5120,27648,21.202,14.04,14.121
25,self_attn.q_proj,w8a8,2048,5120,5120,26.728,39.911,29.543
25,self_attn.q_proj,w8a8-mg1024,2048,5120,5120,30.148,41.26,32.822
25,self_attn.q_proj,w4a8-mg1024,2048,5120,5120,30.148,16.087,18.978
25,self_attn.q_proj,w4a8-pc,2048,5120,5120,26.728,14.736,17.494
25,self_attn.k_proj,w8a8,2048,1024,5120,26.728,39.534,31.233
25,self_attn.k_proj,w8a8-mg1024,2048,1024,5120,30.148,40.869,34.514
25,self_attn.k_proj,w4a8-mg1024,2048,1024,5120,30.148,15.699,20.277
25,self_attn.k_proj,w4a8-pc,2048,1024,5120,26.728,14.368,18.83
25,self_attn.v_proj,w8a8,2048,1024,5120,26.728,39.708,26.451
25,self_attn.v_proj,w8a8-mg1024,2048,1024,5120,30.148,40.987,29.741
25,self_attn.v_proj,w4a8-mg1024,2048,1024,5120,30.148,15.811,15.823
25,self_attn.v_proj,w4a8-pc,2048,1024,5120,26.728,14.54,14.504
25,self_attn.o_proj,w8a8,2048,5120,5120,33.046,39.998,33.048
25,self_attn.o_proj,w8a8-mg1024,2048,5120,5120,36.078,41.579,35.854
25,self_attn.o_proj,w4a8-mg1024,2048,5120,5120,36.078,16.404,17.194
25,self_attn.o_proj,w4a8-pc,2048,5120,5120,33.046,14.838,15.574
25,mlp.gate_proj,w8a8,2048,27648,5120,37.266,40.515,37.93
25,mlp.gate_proj,w8a8-mg1024,2048,27648,5120,39.574,41.704,39.825
25,mlp.gate_proj,w4a8-mg1024,2048,27648,5120,39.574,16.523,18.951
25,mlp.gate_proj,w4a8-pc,2048,27648,5120,37.266,15.34,17.755
25,mlp.up_proj,w8a8,2048,27648,5120,37.266,40.664,36.48
25,mlp.up_proj,w8a8-mg1024,2048,27648,5120,39.574,41.783,38.355
25,mlp.up_proj,w4a8-mg1024,2048,27648,5120,39.574,16.6,17.473
25,mlp.up_proj,w4a8-pc,2048,27648,5120,37.266,15.484,16.355
25,mlp.down_proj,w8a8,2048,5120,27648,21.232,39.21,22.249
25,mlp.down_proj,w8a8-mg1024,2048,5120,27648,29.989,41.708,30.736
25,mlp.down_proj,w4a8-mg1024,2048,5120,27648,29.989,16.527,17.366
25,mlp.down_proj,w4a8-pc,2048,5120,27648,21.232,14.076,14.3
26,self_attn.q_proj,w8a8,2048,5120,5120,26.894,39.614,30.369
26,self_attn.q_proj,w8a8-mg1024,2048,5120,5120,30.261,41.028,33.603
26,self_attn.q_proj,w4a8-mg1024,2048,5120,5120,30.261,15.853,19.46
26,self_attn.q_proj,w4a8-pc,2048,5120,5120,26.894,14.44,17.911
26,self_attn.k_proj,w8a8,2048,1024,5120,26.894,39.643,31.553
26,self_attn.k_proj,w8a8-mg1024,2048,1024,5120,30.261,40.98,34.767
26,self_attn.k_proj,w4a8-mg1024,2048,1024,5120,30.261,15.813,20.579
26,self_attn.k_proj,w4a8-pc,2048,1024,5120,26.894,14.472,19.129
26,self_attn.v_proj,w8a8,2048,1024,5120,26.894,40.565,27.941
26,self_attn.v_proj,w8a8-mg1024,2048,1024,5120,30.261,41.668,31.166
26,self_attn.v_proj,w4a8-mg1024,2048,1024,5120,30.261,16.488,17.591
26,self_attn.v_proj,w4a8-pc,2048,1024,5120,26.894,15.386,16.41
26,self_attn.o_proj,w8a8,2048,5120,5120,31.86,39.623,31.843
26,self_attn.o_proj,w8a8-mg1024,2048,5120,5120,34.791,41.463,34.6
26,self_attn.o_proj,w4a8-mg1024,2048,5120,5120,34.791,16.301,16.879
26,self_attn.o_proj,w4a8-pc,2048,5120,5120,31.86,14.523,15.034
26,mlp.gate_proj,w8a8,2048,27648,5120,36.796,40.291,37.672
26,mlp.gate_proj,w8a8-mg1024,2048,27648,5120,39.18,41.551,39.665
26,mlp.gate_proj,w4a8-mg1024,2048,27648,5120,39.18,16.374,18.939
26,mlp.gate_proj,w4a8-pc,2048,27648,5120,36.796,15.127,17.67
26,mlp.up_proj,w8a8,2048,27648,5120,36.796,40.517,36.197
26,mlp.up_proj,w8a8-mg1024,2048,27648,5120,39.18,41.684,38.157
26,mlp.up_proj,w4a8-mg1024,2048,27648,5120,39.18,16.504,17.476
26,mlp.up_proj,w4a8-pc,2048,27648,5120,36.796,15.343,16.309
26,mlp.down_proj,w8a8,2048,5120,27648,22.831,38.721,23.896
26,mlp.down_proj,w8a8-mg1024,2048,5120,27648,30.601,41.486,31.384
26,mlp.down_proj,w4a8-mg1024,2048,5120,27648,30.601,16.309,17.28
26,mlp.down_proj,w4a8-pc,2048,5120,27648,22.831,13.619,14.271
27,self_attn.q_proj,w8a8,2048,5120,5120,26.773,39.873,30.431
27,self_attn.q_proj,w8a8-mg1024,2048,5120,5120,30.102,41.259,33.63
27,self_attn.q_proj,w4a8-mg1024,2048,5120,5120,30.102,16.08,19.806
27,self_attn.q_proj,w4a8-pc,2048,5120,5120,26.773,14.695,18.314
27,self_attn.k_proj,w8a8,2048,1024,5120,26.773,39.514,31.838
27,self_attn.k_proj,w8a8-mg1024,2048,1024,5120,30.102,40.867,35.026
27,self_attn.k_proj,w4a8-mg1024,2048,1024,5120,30.102,15.692,20.922
27,self_attn.k_proj,w4a8-pc,2048,1024,5120,26.773,14.338,19.365
27,self_attn.v_proj,w8a8,2048,1024,5120,26.773,40.287,27.574
27,self_attn.v_proj,w8a8-mg1024,2048,1024,5120,30.102,41.439,30.776
27,self_attn.v_proj,w4a8-mg1024,2048,1024,5120,30.102,16.26,17.146
27,self_attn.v_proj,w4a8-pc,2048,1024,5120,26.773,15.111,15.926
27,self_attn.o_proj,w8a8,2048,5120,5120,32.937,40.25,32.784
27,self_attn.o_proj,w8a8-mg1024,2048,5120,5120,35.88,41.601,35.456
27,self_attn.o_proj,w4a8-mg1024,2048,5120,5120,35.88,16.423,16.975
27,self_attn.o_proj,w4a8-pc,2048,5120,5120,32.937,15.075,15.628
27,mlp.gate_proj,w8a8,2048,27648,5120,36.614,40.1,37.63
27,mlp.gate_proj,w8a8-mg1024,2048,27648,5120,39.051,41.418,39.673
27,mlp.gate_proj,w4a8-mg1024,2048,27648,5120,39.051,16.25,18.954
27,mlp.gate_proj,w4a8-pc,2048,27648,5120,36.614,14.954,17.65
27,mlp.up_proj,w8a8,2048,27648,5120,36.614,40.427,36.157
27,mlp.up_proj,w8a8-mg1024,2048,27648,5120,39.051,41.621,38.171
27,mlp.up_proj,w4a8-mg1024,2048,27648,5120,39.051,16.442,17.523
27,mlp.up_proj,w4a8-pc,2048,27648,5120,36.614,15.258,16.329
27,mlp.down_proj,w8a8,2048,5120,27648,23.382,38.491,24.465
27,mlp.down_proj,w8a8-mg1024,2048,5120,27648,30.802,41.347,31.604
27,mlp.down_proj,w4a8-mg1024,2048,5120,27648,30.802,16.176,17.194
27,mlp.down_proj,w4a8-pc,2048,5120,27648,23.382,13.43,14.164
28,self_attn.q_proj,w8a8,2048,5120,5120,26.173,39.944,29.747
28,self_attn.q_proj,w8a8-mg1024,2048,5120,5120,29.827,41.336,33.275
28,self_attn.q_proj,w4a8-mg1024,2048,5120,5120,29.827,16.159,19.778
28,self_attn.q_proj,w4a8-pc,2048,5120,5120,26.173,14.765,18.247
28,self_attn.k_proj,w8a8,2048,1024,5120,26.173,39.573,31.417
28,self_attn.k_proj,w8a8-mg1024,2048,1024,5120,29.827,40.965,34.913
28,self_attn.k_proj,w4a8-mg1024,2048,1024,5120,29.827,15.79,21.142
28,self_attn.k_proj,w4a8-pc,2048,1024,5120,26.173,14.405,19.497
28,self_attn.v_proj,w8a8,2048,1024,5120,26.173,40.281,25.982
28,self_attn.v_proj,w8a8-mg1024,2048,1024,5120,29.827,41.416,29.499
28,self_attn.v_proj,w4a8-mg1024,2048,1024,5120,29.827,16.249,16.356
28,self_attn.v_proj,w4a8-pc,2048,1024,5120,26.173,15.114,15.051
28,self_attn.o_proj,w8a8,2048,5120,5120,33.852,39.431,33.375
28,self_attn.o_proj,w8a8-mg1024,2048,5120,5120,36.877,41.186,36.125
28,self_attn.o_proj,w4a8-mg1024,2048,5120,5120,36.877,16.029,16.74
28,self_attn.o_proj,w4a8-pc,2048,5120,5120,33.852,14.301,14.815
28,mlp.gate_proj,w8a8,2048,27648,5120,36.069,39.881,37.275
28,mlp.gate_proj,w8a8-mg1024,2048,27648,5120,38.291,41.26,39.21
28,mlp.gate_proj,w4a8-mg1024,2048,27648,5120,38.291,16.104,18.874
28,mlp.gate_proj,w4a8-pc,2048,27648,5120,36.069,14.759,17.513
28,mlp.up_proj,w8a8,2048,27648,5120,36.069,40.185,35.604
28,mlp.up_proj,w8a8-mg1024,2048,27648,5120,38.291,41.456,37.516
28,mlp.up_proj,w4a8-mg1024,2048,27648,5120,38.291,16.287,17.274
28,mlp.up_proj,w4a8-pc,2048,27648,5120,36.069,15.047,16.016
28,mlp.down_proj,w8a8,2048,5120,27648,22.44,37.992,23.698
28,mlp.down_proj,w8a8-mg1024,2048,5120,27648,30.395,41.103,31.37
28,mlp.down_proj,w4a8-mg1024,2048,5120,27648,30.395,15.958,17.133
28,mlp.down_proj,w4a8-pc,2048,5120,27648,22.44,13.142,13.697
29,self_attn.q_proj,w8a8,2048,5120,5120,26.8,39.642,29.461
29,self_attn.q_proj,w8a8-mg1024,2048,5120,5120,30.231,41.032,32.758
29,self_attn.q_proj,w4a8-mg1024,2048,5120,5120,30.231,15.861,18.629
29,self_attn.q_proj,w4a8-pc,2048,5120,5120,26.8,14.476,17.127
29,self_attn.k_proj,w8a8,2048,1024,5120,26.8,38.295,31.563
29,self_attn.k_proj,w8a8-mg1024,2048,1024,5120,30.231,39.758,34.825
29,self_attn.k_proj,w4a8-mg1024,2048,1024,5120,30.231,14.65,19.517
29,self_attn.k_proj,w4a8-pc,2048,1024,5120,26.8,13.247,18.151
29,self_attn.v_proj,w8a8,2048,1024,5120,26.8,40.079,26.014
29,self_attn.v_proj,w8a8-mg1024,2048,1024,5120,30.231,41.224,29.314
29,self_attn.v_proj,w4a8-mg1024,2048,1024,5120,30.231,16.053,15.56
29,self_attn.v_proj,w4a8-pc,2048,1024,5120,26.8,14.917,14.329
29,self_attn.o_proj,w8a8,2048,5120,5120,34.479,39.671,33.541
29,self_attn.o_proj,w8a8-mg1024,2048,5120,5120,37.124,41.342,35.907
29,self_attn.o_proj,w4a8-mg1024,2048,5120,5120,37.124,16.163,16.339
29,self_attn.o_proj,w4a8-pc,2048,5120,5120,34.479,14.499,14.708
29,mlp.gate_proj,w8a8,2048,27648,5120,36.661,40.085,37.708
29,mlp.gate_proj,w8a8-mg1024,2048,27648,5120,38.775,41.403,39.546
29,mlp.gate_proj,w4a8-mg1024,2048,27648,5120,38.775,16.237,18.99
29,mlp.gate_proj,w4a8-pc,2048,27648,5120,36.661,14.941,17.672
29,mlp.up_proj,w8a8,2048,27648,5120,36.661,40.418,35.984
29,mlp.up_proj,w8a8-mg1024,2048,27648,5120,38.775,41.613,37.782
29,mlp.up_proj,w4a8-mg1024,2048,27648,5120,38.775,16.434,17.306
29,mlp.up_proj,w4a8-pc,2048,27648,5120,36.661,15.25,16.11
29,mlp.down_proj,w8a8,2048,5120,27648,22.318,38.353,23.249
29,mlp.down_proj,w8a8-mg1024,2048,5120,27648,30.489,41.257,31.134
29,mlp.down_proj,w4a8-mg1024,2048,5120,27648,30.489,16.099,16.934
29,mlp.down_proj,w4a8-pc,2048,5120,27648,22.318,13.377,13.713
30,self_attn.q_proj,w8a8,2048,5120,5120,26.409,40.02,29.174
30,self_attn.q_proj,w8a8-mg1024,2048,5120,5120,30.086,41.376,32.717
30,self_attn.q_proj,w4a8-mg1024,2048,5120,5120,30.086,16.201,19.013
30,self_attn.q_proj,w4a8-pc,2048,5120,5120,26.409,14.847,17.505
30,self_attn.k_proj,w8a8,2048,1024,5120,26.409,39.035,31.646
30,self_attn.k_proj,w8a8-mg1024,2048,1024,5120,30.086,40.536,35.153
30,self_attn.k_proj,w4a8-mg1024,2048,1024,5120,30.086,15.364,20.815
30,self_attn.k_proj,w4a8-pc,2048,1024,5120,26.409,13.874,19.114
30,self_attn.v_proj,w8a8,2048,1024,5120,26.409,39.972,25.341
30,self_attn.v_proj,w8a8-mg1024,2048,1024,5120,30.086,41.083,28.857
30,self_attn.v_proj,w4a8-mg1024,2048,1024,5120,30.086,15.911,15.28
30,self_attn.v_proj,w4a8-pc,2048,1024,5120,26.409,14.804,14.201
30,self_attn.o_proj,w8a8,2048,5120,5120,33.777,39.626,32.346
30,self_attn.o_proj,w8a8-mg1024,2048,5120,5120,36.736,41.475,34.992
30,self_attn.o_proj,w4a8-mg1024,2048,5120,5120,36.736,16.299,15.784
30,self_attn.o_proj,w4a8-pc,2048,5120,5120,33.777,14.475,14.019
30,mlp.gate_proj,w8a8,2048,27648,5120,36.285,40.137,37.418
30,mlp.gate_proj,w8a8-mg1024,2048,27648,5120,38.616,41.436,39.396
30,mlp.gate_proj,w4a8-mg1024,2048,27648,5120,38.616,16.272,18.958
30,mlp.gate_proj,w4a8-pc,2048,27648,5120,36.285,14.996,17.665
30,mlp.up_proj,w8a8,2048,27648,5120,36.285,40.505,35.594
30,mlp.up_proj,w8a8-mg1024,2048,27648,5120,38.616,41.668,37.548
30,mlp.up_proj,w4a8-mg1024,2048,27648,5120,38.616,16.489,17.205
30,mlp.up_proj,w4a8-pc,2048,27648,5120,36.285,15.338,16.058
30,mlp.down_proj,w8a8,2048,5120,27648,22.694,38.349,23.566
30,mlp.down_proj,w8a8-mg1024,2048,5120,27648,30.644,41.298,31.24
30,mlp.down_proj,w4a8-mg1024,2048,5120,27648,30.644,16.139,16.944
30,mlp.down_proj,w4a8-pc,2048,5120,27648,22.694,13.414,13.762
31,self_attn.q_proj,w8a8,2048,5120,5120,26.517,39.925,29.157
31,self_attn.q_proj,w8a8-mg1024,2048,5120,5120,30.217,41.317,32.713
31,self_attn.q_proj,w4a8-mg1024,2048,5120,5120,30.217,16.139,18.819
31,self_attn.q_proj,w4a8-pc,2048,5120,5120,26.517,14.746,17.288
31,self_attn.k_proj,w8a8,2048,1024,5120,26.517,38.967,31.613
31,self_attn.k_proj,w8a8-mg1024,2048,1024,5120,30.217,40.479,35.137
31,self_attn.k_proj,w4a8-mg1024,2048,1024,5120,30.217,15.311,20.586
31,self_attn.k_proj,w4a8-pc,2048,1024,5120,26.517,13.807,18.922
31,self_attn.v_proj,w8a8,2048,1024,5120,26.517,40.418,25.507
31,self_attn.v_proj,w8a8-mg1024,2048,1024,5120,30.217,41.514,29.064
31,self_attn.v_proj,w4a8-mg1024,2048,1024,5120,30.217,16.345,15.662
31,self_attn.v_proj,w4a8-pc,2048,1024,5120,26.517,15.255,14.492
31,self_attn.o_proj,w8a8,2048,5120,5120,33.713,40.168,33.172
31,self_attn.o_proj,w8a8-mg1024,2048,5120,5120,36.913,41.575,35.971
31,self_attn.o_proj,w4a8-mg1024,2048,5120,5120,36.913,16.395,16.697
31,self_attn.o_proj,w4a8-pc,2048,5120,5120,33.713,14.998,15.358
31,mlp.gate_proj,w8a8,2048,27648,5120,35.578,40.139,37.231
31,mlp.gate_proj,w8a8-mg1024,2048,27648,5120,38.112,41.44,39.376
31,mlp.gate_proj,w4a8-mg1024,2048,27648,5120,38.112,16.278,19.266
31,mlp.gate_proj,w4a8-pc,2048,27648,5120,35.578,15.006,17.983
31,mlp.up_proj,w8a8,2048,27648,5120,35.578,40.468,34.95
31,mlp.up_proj,w8a8-mg1024,2048,27648,5120,38.112,41.645,37.084
31,mlp.up_proj,w4a8-mg1024,2048,27648,5120,38.112,16.474,17.077
31,mlp.up_proj,w4a8-pc,2048,27648,5120,35.578,15.321,15.899
31,mlp.down_proj,w8a8,2048,5120,27648,22.253,38.483,23.376
31,mlp.down_proj,w8a8-mg1024,2048,5120,27648,30.334,41.315,31.176
31,mlp.down_proj,w4a8-mg1024,2048,5120,27648,30.334,16.175,17.196
31,mlp.down_proj,w4a8-pc,2048,5120,27648,22.253,13.561,14.013
32,self_attn.q_proj,w8a8,2048,5120,5120,27.086,39.257,30.382
32,self_attn.q_proj,w8a8-mg1024,2048,5120,5120,30.296,40.701,33.453
32,self_attn.q_proj,w4a8-mg1024,2048,5120,5120,30.296,15.531,18.962
32,self_attn.q_proj,w4a8-pc,2048,5120,5120,27.086,14.094,17.431
32,self_attn.k_proj,w8a8,2048,1024,5120,27.086,38.414,32.38
32,self_attn.k_proj,w8a8-mg1024,2048,1024,5120,30.296,39.921,35.441
32,self_attn.k_proj,w4a8-mg1024,2048,1024,5120,30.296,14.769,20.388
32,self_attn.k_proj,w4a8-pc,2048,1024,5120,27.086,13.281,18.772
32,self_attn.v_proj,w8a8,2048,1024,5120,27.086,40.244,26.385
32,self_attn.v_proj,w8a8-mg1024,2048,1024,5120,30.296,41.464,29.472
32,self_attn.v_proj,w4a8-mg1024,2048,1024,5120,30.296,16.296,15.787
32,self_attn.v_proj,w4a8-pc,2048,1024,5120,27.086,15.08,14.555
32,self_attn.o_proj,w8a8,2048,5120,5120,32.164,39.109,32.195
32,self_attn.o_proj,w8a8-mg1024,2048,5120,5120,35.263,40.981,35.05
32,self_attn.o_proj,w4a8-mg1024,2048,5120,5120,35.263,15.836,16.62
32,self_attn.o_proj,w4a8-pc,2048,5120,5120,32.164,14.126,14.84
32,mlp.gate_proj,w8a8,2048,27648,5120,34.046,40.079,37.102
32,mlp.gate_proj,w8a8-mg1024,2048,27648,5120,36.728,41.412,39.463
32,mlp.gate_proj,w4a8-mg1024,2048,27648,5120,36.728,16.254,20.334
32,mlp.gate_proj,w4a8-pc,2048,27648,5120,34.046,14.962,19.01
32,mlp.up_proj,w8a8,2048,27648,5120,34.046,40.237,33.499
32,mlp.up_proj,w8a8-mg1024,2048,27648,5120,36.728,41.498,35.85
32,mlp.up_proj,w4a8-mg1024,2048,27648,5120,36.728,16.333,16.697
32,mlp.up_proj,w4a8-pc,2048,27648,5120,34.046,15.106,15.459
32,mlp.down_proj,w8a8,2048,5120,27648,20.68,38.571,21.911
32,mlp.down_proj,w8a8-mg1024,2048,5120,27648,29.181,41.329,30.194
32,mlp.down_proj,w4a8-mg1024,2048,5120,27648,29.181,16.165,17.236
32,mlp.down_proj,w4a8-pc,2048,5120,27648,20.68,13.52,13.896
33,self_attn.q_proj,w8a8,2048,5120,5120,26.694,39.731,29.703
33,self_attn.q_proj,w8a8-mg1024,2048,5120,5120,30.178,41.153,33.057
33,self_attn.q_proj,w4a8-mg1024,2048,5120,5120,30.178,15.979,19.074
33,self_attn.q_proj,w4a8-pc,2048,5120,5120,26.694,14.556,17.552
33,self_attn.k_proj,w8a8,2048,1024,5120,26.694,39.493,31.444
33,self_attn.k_proj,w8a8-mg1024,2048,1024,5120,30.178,40.823,34.77
33,self_attn.k_proj,w4a8-mg1024,2048,1024,5120,30.178,15.647,20.551
33,self_attn.k_proj,w4a8-pc,2048,1024,5120,26.694,14.317,19.091
33,self_attn.v_proj,w8a8,2048,1024,5120,26.694,39.976,27.473
33,self_attn.v_proj,w8a8-mg1024,2048,1024,5120,30.178,41.317,30.835
33,self_attn.v_proj,w4a8-mg1024,2048,1024,5120,30.178,16.142,17.015
33,self_attn.v_proj,w4a8-pc,2048,1024,5120,26.694,14.809,15.647
33,self_attn.o_proj,w8a8,2048,5120,5120,31.732,39.479,31.26
33,self_attn.o_proj,w8a8-mg1024,2048,5120,5120,34.739,41.133,34.079
33,self_attn.o_proj,w4a8-mg1024,2048,5120,5120,34.739,15.955,16.047
33,self_attn.o_proj,w4a8-pc,2048,5120,5120,31.732,14.326,14.465
33,mlp.gate_proj,w8a8,2048,27648,5120,35.175,40.131,37.242
33,mlp.gate_proj,w8a8-mg1024,2048,27648,5120,37.741,41.455,39.444
33,mlp.gate_proj,w4a8-mg1024,2048,27648,5120,37.741,16.288,19.615
33,mlp.gate_proj,w4a8-pc,2048,27648,5120,35.175,14.994,18.29
33,mlp.up_proj,w8a8,2048,27648,5120,35.175,40.284,34.404
33,mlp.up_proj,w8a8-mg1024,2048,27648,5120,37.741,41.527,36.597
33,mlp.up_proj,w4a8-mg1024,2048,27648,5120,37.741,16.356,16.757
33,mlp.up_proj,w4a8-pc,2048,27648,5120,35.175,15.138,15.519
33,mlp.down_proj,w8a8,2048,5120,27648,21.763,38.797,22.991
33,mlp.down_proj,w8a8-mg1024,2048,5120,27648,29.652,41.455,30.663
33,mlp.down_proj,w4a8-mg1024,2048,5120,27648,29.652,16.3,17.372
33,mlp.down_proj,w4a8-pc,2048,5120,27648,21.763,13.78,14.094
34,self_attn.q_proj,w8a8,2048,5120,5120,26.125,39.802,29.033
34,self_attn.q_proj,w8a8-mg1024,2048,5120,5120,29.599,41.184,32.383
34,self_attn.q_proj,w4a8-mg1024,2048,5120,5120,29.599,16.012,18.921
34,self_attn.q_proj,w4a8-pc,2048,5120,5120,26.125,14.629,17.41
34,self_attn.k_proj,w8a8,2048,1024,5120,26.125,39.334,31.175
34,self_attn.k_proj,w8a8-mg1024,2048,1024,5120,29.599,40.728,34.502
34,self_attn.k_proj,w4a8-mg1024,2048,1024,5120,29.599,15.553,20.649
34,self_attn.k_proj,w4a8-pc,2048,1024,5120,26.125,14.159,19.086
34,self_attn.v_proj,w8a8,2048,1024,5120,26.125,39.889,26.339
34,self_attn.v_proj,w8a8-mg1024,2048,1024,5120,29.599,41.209,29.692
34,self_attn.v_proj,w4a8-mg1024,2048,1024,5120,29.599,16.047,16.583
34,self_attn.v_proj,w4a8-pc,2048,1024,5120,26.125,14.722,15.195
34,self_attn.o_proj,w8a8,2048,5120,5120,32.611,39.384,31.924
34,self_attn.o_proj,w8a8-mg1024,2048,5120,5120,35.538,41.137,34.673
34,self_attn.o_proj,w4a8-mg1024,2048,5120,5120,35.538,15.963,16.167
34,self_attn.o_proj,w4a8-pc,2048,5120,5120,32.611,14.225,14.34
34,mlp.gate_proj,w8a8,2048,27648,5120,34.463,40.023,36.59
34,mlp.gate_proj,w8a8-mg1024,2048,27648,5120,37.121,41.38,38.908
34,mlp.gate_proj,w4a8-mg1024,2048,27648,5120,37.121,16.215,19.442
34,mlp.gate_proj,w4a8-pc,2048,27648,5120,34.463,14.89,18.093
34,mlp.up_proj,w8a8,2048,27648,5120,34.463,40.201,33.914
34,mlp.up_proj,w8a8-mg1024,2048,27648,5120,37.121,41.469,36.218
34,mlp.up_proj,w4a8-mg1024,2048,27648,5120,37.121,16.298,16.766
34,mlp.up_proj,w4a8-pc,2048,27648,5120,34.463,15.058,15.505
34,mlp.down_proj,w8a8,2048,5120,27648,21.262,38.445,22.36
34,mlp.down_proj,w8a8-mg1024,2048,5120,27648,29.781,41.366,30.644
34,mlp.down_proj,w4a8-mg1024,2048,5120,27648,29.781,16.21,17.166
34,mlp.down_proj,w4a8-pc,2048,5120,27648,21.262,13.471,13.736
35,self_attn.q_proj,w8a8,2048,5120,5120,26.26,39.123,29.034
35,self_attn.q_proj,w8a8-mg1024,2048,5120,5120,29.751,40.628,32.394
35,self_attn.q_proj,w4a8-mg1024,2048,5120,5120,29.751,15.458,18.343
35,self_attn.q_proj,w4a8-pc,2048,5120,5120,26.26,13.955,16.709
35,self_attn.k_proj,w8a8,2048,1024,5120,26.26,39.233,30.88
35,self_attn.k_proj,w8a8-mg1024,2048,1024,5120,29.751,40.675,34.228
35,self_attn.k_proj,w4a8-mg1024,2048,1024,5120,29.751,15.501,20.146
35,self_attn.k_proj,w4a8-pc,2048,1024,5120,26.26,14.058,18.63
35,self_attn.v_proj,w8a8,2048,1024,5120,26.26,40.438,26.333
35,self_attn.v_proj,w8a8-mg1024,2048,1024,5120,29.751,41.588,29.715
35,self_attn.v_proj,w4a8-mg1024,2048,1024,5120,29.751,16.41,16.597
35,self_attn.v_proj,w4a8-pc,2048,1024,5120,26.26,15.274,15.379
35,self_attn.o_proj,w8a8,2048,5120,5120,30.628,39.431,30.586
35,self_attn.o_proj,w8a8-mg1024,2048,5120,5120,34.033,41.123,33.838
35,self_attn.o_proj,w4a8-mg1024,2048,5120,5120,34.033,15.952,16.448
35,self_attn.o_proj,w4a8-pc,2048,5120,5120,30.628,14.282,14.639
35,mlp.gate_proj,w8a8,2048,27648,5120,34.169,39.961,36.467
35,mlp.gate_proj,w8a8-mg1024,2048,27648,5120,37.025,41.351,38.939
35,mlp.gate_proj,w4a8-mg1024,2048,27648,5120,37.025,16.182,19.523
35,mlp.gate_proj,w4a8-pc,2048,27648,5120,34.169,14.82,18.123
35,mlp.up_proj,w8a8,2048,27648,5120,34.169,40.193,33.658
35,mlp.up_proj,w8a8-mg1024,2048,27648,5120,37.025,41.461,36.128
35,mlp.up_proj,w4a8-mg1024,2048,27648,5120,37.025,16.285,16.735
35,mlp.up_proj,w4a8-pc,2048,27648,5120,34.169,15.036,15.454
35,mlp.down_proj,w8a8,2048,5120,27648,22.005,38.354,23.094
35,mlp.down_proj,w8a8-mg1024,2048,5120,27648,30.046,41.2,30.912
35,mlp.down_proj,w4a8-mg1024,2048,5120,27648,30.046,16.042,17.046
35,mlp.down_proj,w4a8-pc,2048,5120,27648,22.005,13.317,13.809
36,self_attn.q_proj,w8a8,2048,5120,5120,25.938,39.147,28.84
36,self_attn.q_proj,w8a8-mg1024,2048,5120,5120,29.528,40.605,32.291
36,self_attn.q_proj,w4a8-mg1024,2048,5120,5120,29.528,15.442,18.419
36,self_attn.q_proj,w4a8-pc,2048,5120,5120,25.938,13.994,16.867
36,self_attn.k_proj,w8a8,2048,1024,5120,25.938,38.64,30.635
36,self_attn.k_proj,w8a8-mg1024,2048,1024,5120,29.528,40.055,34.064
36,self_attn.k_proj,w4a8-mg1024,2048,1024,5120,29.528,14.906,19.512
36,self_attn.k_proj,w4a8-pc,2048,1024,5120,25.938,13.51,18.24
36,self_attn.v_proj,w8a8,2048,1024,5120,25.938,40.113,26.667
36,self_attn.v_proj,w8a8-mg1024,2048,1024,5120,29.528,41.304,30.138
36,self_attn.v_proj,w4a8-mg1024,2048,1024,5120,29.528,16.133,17.047
36,self_attn.v_proj,w4a8-pc,2048,1024,5120,25.938,14.953,15.742
36,self_attn.o_proj,w8a8,2048,5120,5120,33.148,39.577,31.645
36,self_attn.o_proj,w8a8-mg1024,2048,5120,5120,35.759,41.171,34.029
36,self_attn.o_proj,w4a8-mg1024,2048,5120,5120,35.759,15.996,15.36
36,self_attn.o_proj,w4a8-pc,2048,5120,5120,33.148,14.413,13.719
36,mlp.gate_proj,w8a8,2048,27648,5120,34.009,40.03,36.013
36,mlp.gate_proj,w8a8-mg1024,2048,27648,5120,36.746,41.385,38.408
36,mlp.gate_proj,w4a8-mg1024,2048,27648,5120,36.746,16.212,19.2
36,mlp.gate_proj,w4a8-pc,2048,27648,5120,34.009,14.875,17.838
36,mlp.up_proj,w8a8,2048,27648,5120,34.009,40.233,33.647
36,mlp.up_proj,w8a8-mg1024,2048,27648,5120,36.746,41.487,36.038
36,mlp.up_proj,w4a8-mg1024,2048,27648,5120,36.746,16.311,16.877
36,mlp.up_proj,w4a8-pc,2048,27648,5120,34.009,15.079,15.615
36,mlp.down_proj,w8a8,2048,5120,27648,22.748,38.118,23.908
36,mlp.down_proj,w8a8-mg1024,2048,5120,27648,30.241,41.157,31.162
36,mlp.down_proj,w4a8-mg1024,2048,5120,27648,30.241,16.004,17.074
36,mlp.down_proj,w4a8-pc,2048,5120,27648,22.748,13.121,13.468
37,self_attn.q_proj,w8a8,2048,5120,5120,25.422,39.849,27.995
37,self_attn.q_proj,w8a8-mg1024,2048,5120,5120,29.31,41.237,31.76
37,self_attn.q_proj,w4a8-mg1024,2048,5120,5120,29.31,16.062,18.642
37,self_attn.q_proj,w4a8-pc,2048,5120,5120,25.422,14.674,17.052
37,self_attn.k_proj,w8a8,2048,1024,5120,25.422,39.553,29.662
37,self_attn.k_proj,w8a8-mg1024,2048,1024,5120,29.31,40.917,33.412
37,self_attn.k_proj,w4a8-mg1024,2048,1024,5120,29.31,15.742,20.009
37,self_attn.k_proj,w4a8-pc,2048,1024,5120,25.422,14.379,18.48
37,self_attn.v_proj,w8a8,2048,1024,5120,25.422,40.389,26.51
37,self_attn.v_proj,w8a8-mg1024,2048,1024,5120,29.31,41.511,30.275
37,self_attn.v_proj,w4a8-mg1024,2048,1024,5120,29.31,16.338,17.575
37,self_attn.v_proj,w4a8-pc,2048,1024,5120,25.422,15.222,16.299
37,self_attn.o_proj,w8a8,2048,5120,5120,33.544,40.119,32.358
37,self_attn.o_proj,w8a8-mg1024,2048,5120,5120,36.429,41.52,35.0
37,self_attn.o_proj,w4a8-mg1024,2048,5120,5120,36.429,16.347,16.081
37,self_attn.o_proj,w4a8-pc,2048,5120,5120,33.544,14.955,14.6
37,mlp.gate_proj,w8a8,2048,27648,5120,34.323,39.988,36.513
37,mlp.gate_proj,w8a8-mg1024,2048,27648,5120,36.986,41.357,38.831
37,mlp.gate_proj,w4a8-mg1024,2048,27648,5120,36.986,16.191,19.444
37,mlp.gate_proj,w4a8-pc,2048,27648,5120,34.323,14.847,18.078
37,mlp.up_proj,w8a8,2048,27648,5120,34.323,40.269,33.979
37,mlp.up_proj,w8a8-mg1024,2048,27648,5120,36.986,41.505,36.294
37,mlp.up_proj,w4a8-mg1024,2048,27648,5120,36.986,16.332,16.957
37,mlp.up_proj,w4a8-pc,2048,27648,5120,34.323,15.123,15.735
37,mlp.down_proj,w8a8,2048,5120,27648,22.854,38.371,24.122
37,mlp.down_proj,w8a8-mg1024,2048,5120,27648,30.546,41.205,31.558
37,mlp.down_proj,w4a8-mg1024,2048,5120,27648,30.546,16.067,17.247
37,mlp.down_proj,w4a8-pc,2048,5120,27648,22.854,13.407,14.134
38,self_attn.q_proj,w8a8,2048,5120,5120,25.472,39.971,27.791
38,self_attn.q_proj,w8a8-mg1024,2048,5120,5120,29.301,41.312,31.501
38,self_attn.q_proj,w4a8-mg1024,2048,5120,5120,29.301,16.14,18.451
38,self_attn.q_proj,w4a8-pc,2048,5120,5120,25.472,14.798,16.921
38,self_attn.k_proj,w8a8,2048,1024,5120,25.472,38.831,30.268
38,self_attn.k_proj,w8a8-mg1024,2048,1024,5120,29.301,40.35,33.944
38,self_attn.k_proj,w4a8-mg1024,2048,1024,5120,29.301,15.174,19.967
38,self_attn.k_proj,w4a8-pc,2048,1024,5120,25.472,13.659,18.368
38,self_attn.v_proj,w8a8,2048,1024,5120,25.472,39.535,25.448
38,self_attn.v_proj,w8a8-mg1024,2048,1024,5120,29.301,40.758,29.13
38,self_attn.v_proj,w4a8-mg1024,2048,1024,5120,29.301,15.595,16.082
38,self_attn.v_proj,w4a8-pc,2048,1024,5120,25.472,14.378,14.786
38,self_attn.o_proj,w8a8,2048,5120,5120,33.213,39.536,31.986
38,self_attn.o_proj,w8a8-mg1024,2048,5120,5120,36.692,41.307,35.169
38,self_attn.o_proj,w4a8-mg1024,2048,5120,5120,36.692,16.134,15.825
38,self_attn.o_proj,w4a8-pc,2048,5120,5120,33.213,14.384,13.963
38,mlp.gate_proj,w8a8,2048,27648,5120,34.21,39.944,36.116
38,mlp.gate_proj,w8a8-mg1024,2048,27648,5120,37.045,41.317,38.569
38,mlp.gate_proj,w4a8-mg1024,2048,27648,5120,37.045,16.156,19.097
38,mlp.gate_proj,w4a8-pc,2048,27648,5120,34.21,14.814,17.746
38,mlp.up_proj,w8a8,2048,27648,5120,34.21,40.282,33.838
38,mlp.up_proj,w8a8-mg1024,2048,27648,5120,37.045,41.514,36.284
38,mlp.up_proj,w4a8-mg1024,2048,27648,5120,37.045,16.341,16.922
38,mlp.up_proj,w4a8-pc,2048,27648,5120,34.21,15.131,15.685
38,mlp.down_proj,w8a8,2048,5120,27648,28.073,37.876,35.606
38,mlp.down_proj,w8a8-mg1024,2048,5120,27648,35.503,40.999,42.775
38,mlp.down_proj,w4a8-mg1024,2048,5120,27648,35.503,15.958,25.394
38,mlp.down_proj,w4a8-pc,2048,5120,27648,28.073,13.128,22.694
39,self_attn.q_proj,w8a8,2048,5120,5120,26.347,39.66,28.416
39,self_attn.q_proj,w8a8-mg1024,2048,5120,5120,30.03,41.09,31.961
39,self_attn.q_proj,w4a8-mg1024,2048,5120,5120,30.03,15.914,18.098
39,self_attn.q_proj,w4a8-pc,2048,5120,5120,26.347,14.486,16.498
39,self_attn.k_proj,w8a8,2048,1024,5120,26.347,39.109,30.754
39,self_attn.k_proj,w8a8-mg1024,2048,1024,5120,30.03,40.57,34.269
39,self_attn.k_proj,w4a8-mg1024,2048,1024,5120,30.03,15.399,19.932
39,self_attn.k_proj,w4a8-pc,2048,1024,5120,26.347,13.94,18.336
39,self_attn.v_proj,w8a8,2048,1024,5120,26.347,40.217,26.551
39,self_attn.v_proj,w8a8-mg1024,2048,1024,5120,30.03,41.372,30.102
39,self_attn.v_proj,w4a8-mg1024,2048,1024,5120,30.03,16.207,16.71
39,self_attn.v_proj,w4a8-pc,2048,1024,5120,26.347,15.052,15.508
39,self_attn.o_proj,w8a8,2048,5120,5120,33.285,39.298,31.896
39,self_attn.o_proj,w8a8-mg1024,2048,5120,5120,36.703,41.162,35.028
39,self_attn.o_proj,w4a8-mg1024,2048,5120,5120,36.703,15.994,15.581
39,self_attn.o_proj,w4a8-pc,2048,5120,5120,33.285,14.165,13.732
39,mlp.gate_proj,w8a8,2048,27648,5120,33.327,39.568,35.615
39,mlp.gate_proj,w8a8-mg1024,2048,27648,5120,36.331,41.052,38.257
39,mlp.gate_proj,w4a8-mg1024,2048,27648,5120,36.331,15.937,19.158
39,mlp.gate_proj,w4a8-pc,2048,27648,5120,33.327,14.543,17.712
39,mlp.up_proj,w8a8,2048,27648,5120,33.327,40.067,32.964
39,mlp.up_proj,w8a8-mg1024,2048,27648,5120,36.331,41.362,35.594
39,mlp.up_proj,w4a8-mg1024,2048,27648,5120,36.331,16.201,16.638
39,mlp.up_proj,w4a8-pc,2048,27648,5120,33.327,14.948,15.362
39,mlp.down_proj,w8a8,2048,5120,27648,21.518,37.789,22.556
39,mlp.down_proj,w8a8-mg1024,2048,5120,27648,29.968,40.957,30.836
39,mlp.down_proj,w4a8-mg1024,2048,5120,27648,29.968,15.871,16.754
39,mlp.down_proj,w4a8-pc,2048,5120,27648,21.518,13.06,12.657
40,self_attn.q_proj,w8a8,2048,5120,5120,26.001,39.405,28.169
40,self_attn.q_proj,w8a8-mg1024,2048,5120,5120,29.738,40.766,31.76
40,self_attn.q_proj,w4a8-mg1024,2048,5120,5120,29.738,15.623,17.907
40,self_attn.q_proj,w4a8-pc,2048,5120,5120,26.001,14.29,16.419
40,self_attn.k_proj,w8a8,2048,1024,5120,26.001,38.105,30.53
40,self_attn.k_proj,w8a8-mg1024,2048,1024,5120,29.738,39.558,34.088
40,self_attn.k_proj,w4a8-mg1024,2048,1024,5120,29.738,14.665,19.354
40,self_attn.k_proj,w4a8-pc,2048,1024,5120,26.001,13.278,17.777
40,self_attn.v_proj,w8a8,2048,1024,5120,26.001,40.132,26.071
40,self_attn.v_proj,w8a8-mg1024,2048,1024,5120,29.738,41.277,29.676
40,self_attn.v_proj,w4a8-mg1024,2048,1024,5120,29.738,16.115,16.586
40,self_attn.v_proj,w4a8-pc,2048,1024,5120,26.001,14.973,15.263
40,self_attn.o_proj,w8a8,2048,5120,5120,33.925,39.546,32.929
40,self_attn.o_proj,w8a8-mg1024,2048,5120,5120,36.638,41.258,35.4
40,self_attn.o_proj,w4a8-mg1024,2048,5120,5120,36.638,16.1,16.117
40,self_attn.o_proj,w4a8-pc,2048,5120,5120,33.925,14.463,14.419
40,mlp.gate_proj,w8a8,2048,27648,5120,34.343,39.916,35.972
40,mlp.gate_proj,w8a8-mg1024,2048,27648,5120,37.256,41.312,38.483
40,mlp.gate_proj,w4a8-mg1024,2048,27648,5120,37.256,16.165,18.881
40,mlp.gate_proj,w4a8-pc,2048,27648,5120,34.343,14.83,17.519
40,mlp.up_proj,w8a8,2048,27648,5120,34.343,40.163,33.749
40,mlp.up_proj,w8a8-mg1024,2048,27648,5120,37.256,41.434,36.241
40,mlp.up_proj,w4a8-mg1024,2048,27648,5120,37.256,16.268,16.681
40,mlp.up_proj,w4a8-pc,2048,27648,5120,34.343,15.031,15.412
40,mlp.down_proj,w8a8,2048,5120,27648,22.99,38.344,24.281
40,mlp.down_proj,w8a8-mg1024,2048,5120,27648,30.498,41.306,31.554
40,mlp.down_proj,w4a8-mg1024,2048,5120,27648,30.498,16.193,17.279
40,mlp.down_proj,w4a8-pc,2048,5120,27648,22.99,13.499,13.421
41,self_attn.q_proj,w8a8,2048,5120,5120,26.014,39.652,27.963
41,self_attn.q_proj,w8a8-mg1024,2048,5120,5120,29.628,41.022,31.447
41,self_attn.q_proj,w4a8-mg1024,2048,5120,5120,29.628,15.851,17.812
41,self_attn.q_proj,w4a8-pc,2048,5120,5120,26.014,14.478,16.306
41,self_attn.k_proj,w8a8,2048,1024,5120,26.014,38.769,30.507
41,self_attn.k_proj,w8a8-mg1024,2048,1024,5120,29.628,40.247,33.958
41,self_attn.k_proj,w4a8-mg1024,2048,1024,5120,29.628,15.08,19.719
41,self_attn.k_proj,w4a8-pc,2048,1024,5120,26.014,13.605,18.141
41,self_attn.v_proj,w8a8,2048,1024,5120,26.014,38.291,25.771
41,self_attn.v_proj,w8a8-mg1024,2048,1024,5120,29.628,39.937,29.234
41,self_attn.v_proj,w4a8-mg1024,2048,1024,5120,29.628,14.804,15.165
41,self_attn.v_proj,w4a8-pc,2048,1024,5120,26.014,13.235,13.611
41,self_attn.o_proj,w8a8,2048,5120,5120,34.349,39.426,33.274
41,self_attn.o_proj,w8a8-mg1024,2048,5120,5120,36.662,41.291,35.51
41,self_attn.o_proj,w4a8-mg1024,2048,5120,5120,36.662,16.116,16.249
41,self_attn.o_proj,w4a8-pc,2048,5120,5120,34.349,14.286,14.376
41,mlp.gate_proj,w8a8,2048,27648,5120,34.496,40.117,35.872
41,mlp.gate_proj,w8a8-mg1024,2048,27648,5120,37.469,41.435,38.402
41,mlp.gate_proj,w4a8-mg1024,2048,27648,5120,37.469,16.268,18.72
41,mlp.gate_proj,w4a8-pc,2048,27648,5120,34.496,14.98,17.405
41,mlp.up_proj,w8a8,2048,27648,5120,34.496,40.33,33.895
41,mlp.up_proj,w8a8-mg1024,2048,27648,5120,37.469,41.556,36.424
41,mlp.up_proj,w4a8-mg1024,2048,27648,5120,37.469,16.38,16.792
41,mlp.up_proj,w4a8-pc,2048,27648,5120,34.496,15.174,15.551
41,mlp.down_proj,w8a8,2048,5120,27648,23.338,38.472,24.37
41,mlp.down_proj,w8a8-mg1024,2048,5120,27648,30.745,41.402,31.571
41,mlp.down_proj,w4a8-mg1024,2048,5120,27648,30.745,16.252,17.184
41,mlp.down_proj,w4a8-pc,2048,5120,27648,23.338,13.51,13.612
42,self_attn.q_proj,w8a8,2048,5120,5120,26.204,39.344,27.891
42,self_attn.q_proj,w8a8-mg1024,2048,5120,5120,29.893,40.754,31.435
42,self_attn.q_proj,w4a8-mg1024,2048,5120,5120,29.893,15.593,17.42
42,self_attn.q_proj,w4a8-pc,2048,5120,5120,26.204,14.197,15.917
42,self_attn.k_proj,w8a8,2048,1024,5120,26.204,39.231,29.95
42,self_attn.k_proj,w8a8-mg1024,2048,1024,5120,29.893,40.665,33.489
42,self_attn.k_proj,w4a8-mg1024,2048,1024,5120,29.893,15.493,19.385
42,self_attn.k_proj,w4a8-pc,2048,1024,5120,26.204,14.064,17.818
42,self_attn.v_proj,w8a8,2048,1024,5120,26.204,40.415,27.259
42,self_attn.v_proj,w8a8-mg1024,2048,1024,5120,29.893,41.536,30.82
42,self_attn.v_proj,w4a8-mg1024,2048,1024,5120,29.893,16.36,17.6
42,self_attn.v_proj,w4a8-pc,2048,1024,5120,26.204,15.247,16.325
42,self_attn.o_proj,w8a8,2048,5120,5120,33.191,39.399,31.427
42,self_attn.o_proj,w8a8-mg1024,2048,5120,5120,35.706,41.318,33.856
42,self_attn.o_proj,w4a8-mg1024,2048,5120,5120,35.706,16.147,15.34
42,self_attn.o_proj,w4a8-pc,2048,5120,5120,33.191,14.286,13.359
42,mlp.gate_proj,w8a8,2048,27648,5120,34.745,39.817,35.987
42,mlp.gate_proj,w8a8-mg1024,2048,27648,5120,37.628,41.207,38.449
42,mlp.gate_proj,w4a8-mg1024,2048,27648,5120,37.628,16.052,18.499
42,mlp.gate_proj,w4a8-pc,2048,27648,5120,34.745,14.704,17.136
42,mlp.up_proj,w8a8,2048,27648,5120,34.745,40.224,34.189
42,mlp.up_proj,w8a8-mg1024,2048,27648,5120,37.628,41.462,36.634
42,mlp.up_proj,w4a8-mg1024,2048,27648,5120,37.628,16.291,16.823
42,mlp.up_proj,w4a8-pc,2048,27648,5120,34.745,15.077,15.583
42,mlp.down_proj,w8a8,2048,5120,27648,24.075,38.013,24.775
42,mlp.down_proj,w8a8-mg1024,2048,5120,27648,31.165,41.159,31.881
42,mlp.down_proj,w4a8-mg1024,2048,5120,27648,31.165,16.033,17.018
42,mlp.down_proj,w4a8-pc,2048,5120,27648,24.075,13.201,13.582
43,self_attn.q_proj,w8a8,2048,5120,5120,26.851,39.764,28.688
43,self_attn.q_proj,w8a8-mg1024,2048,5120,5120,30.418,41.132,32.106
43,self_attn.q_proj,w4a8-mg1024,2048,5120,5120,30.418,15.956,17.902
43,self_attn.q_proj,w4a8-pc,2048,5120,5120,26.851,14.591,16.429
43,self_attn.k_proj,w8a8,2048,1024,5120,26.851,39.264,30.601
43,self_attn.k_proj,w8a8-mg1024,2048,1024,5120,30.418,40.636,34.004
43,self_attn.k_proj,w4a8-mg1024,2048,1024,5120,30.418,15.471,19.391
43,self_attn.k_proj,w4a8-pc,2048,1024,5120,26.851,14.095,17.929
43,self_attn.v_proj,w8a8,2048,1024,5120,26.851,39.832,27.557
43,self_attn.v_proj,w8a8-mg1024,2048,1024,5120,30.418,41.074,30.984
43,self_attn.v_proj,w4a8-mg1024,2048,1024,5120,30.418,15.91,16.85
43,self_attn.v_proj,w4a8-pc,2048,1024,5120,26.851,14.668,15.582
43,self_attn.o_proj,w8a8,2048,5120,5120,33.626,39.92,32.32
43,self_attn.o_proj,w8a8-mg1024,2048,5120,5120,36.428,41.475,34.856
43,self_attn.o_proj,w4a8-mg1024,2048,5120,5120,36.428,16.299,15.906
43,self_attn.o_proj,w4a8-pc,2048,5120,5120,33.626,14.767,14.317
43,mlp.gate_proj,w8a8,2048,27648,5120,34.183,39.51,35.595
43,mlp.gate_proj,w8a8-mg1024,2048,27648,5120,37.198,40.975,38.182
43,mlp.gate_proj,w4a8-mg1024,2048,27648,5120,37.198,15.837,18.383
43,mlp.gate_proj,w4a8-pc,2048,27648,5120,34.183,14.426,16.942
43,mlp.up_proj,w8a8,2048,27648,5120,34.183,40.112,33.767
43,mlp.up_proj,w8a8-mg1024,2048,27648,5120,37.198,41.389,36.346
43,mlp.up_proj,w4a8-mg1024,2048,27648,5120,37.198,16.213,16.787
43,mlp.up_proj,w4a8-pc,2048,27648,5120,34.183,14.954,15.502
43,mlp.down_proj,w8a8,2048,5120,27648,24.24,37.737,24.869
43,mlp.down_proj,w8a8-mg1024,2048,5120,27648,31.417,40.928,32.489
43,mlp.down_proj,w4a8-mg1024,2048,5120,27648,31.417,15.811,17.334
43,mlp.down_proj,w4a8-pc,2048,5120,27648,24.24,12.937,14.067
44,self_attn.q_proj,w8a8,2048,5120,5120,27.078,39.813,29.068
44,self_attn.q_proj,w8a8-mg1024,2048,5120,5120,30.574,41.211,32.41
44,self_attn.q_proj,w4a8-mg1024,2048,5120,5120,30.574,16.036,18.118
44,self_attn.q_proj,w4a8-pc,2048,5120,5120,27.078,14.639,16.61
44,self_attn.k_proj,w8a8,2048,1024,5120,27.078,39.037,31.339
44,self_attn.k_proj,w8a8-mg1024,2048,1024,5120,30.574,40.536,34.654
44,self_attn.k_proj,w4a8-mg1024,2048,1024,5120,30.574,15.368,19.723
44,self_attn.k_proj,w4a8-pc,2048,1024,5120,27.078,13.875,18.224
44,self_attn.v_proj,w8a8,2048,1024,5120,27.078,39.926,27.09
44,self_attn.v_proj,w8a8-mg1024,2048,1024,5120,30.574,41.133,30.437
44,self_attn.v_proj,w4a8-mg1024,2048,1024,5120,30.574,15.974,16.383
44,self_attn.v_proj,w4a8-pc,2048,1024,5120,27.078,14.763,15.111
44,self_attn.o_proj,w8a8,2048,5120,5120,31.846,38.918,31.112
44,self_attn.o_proj,w8a8-mg1024,2048,5120,5120,36.135,40.894,35.027
44,self_attn.o_proj,w4a8-mg1024,2048,5120,5120,36.135,15.772,15.859
44,self_attn.o_proj,w4a8-pc,2048,5120,5120,31.846,13.835,13.809
44,mlp.gate_proj,w8a8,2048,27648,5120,33.581,39.35,35.444
44,mlp.gate_proj,w8a8-mg1024,2048,27648,5120,36.441,40.85,37.953
44,mlp.gate_proj,w4a8-mg1024,2048,27648,5120,36.441,15.721,18.609
44,mlp.gate_proj,w4a8-pc,2048,27648,5120,33.581,14.28,17.128
44,mlp.up_proj,w8a8,2048,27648,5120,33.581,39.9,33.191
44,mlp.up_proj,w8a8-mg1024,2048,27648,5120,36.441,41.233,35.698
44,mlp.up_proj,w4a8-mg1024,2048,27648,5120,36.441,16.078,16.589
44,mlp.up_proj,w4a8-pc,2048,27648,5120,33.581,14.779,15.256
44,mlp.down_proj,w8a8,2048,5120,27648,21.942,37.539,23.065
44,mlp.down_proj,w8a8-mg1024,2048,5120,27648,30.313,40.761,31.208
44,mlp.down_proj,w4a8-mg1024,2048,5120,27648,30.313,15.673,16.759
44,mlp.down_proj,w4a8-pc,2048,5120,27648,21.942,12.834,13.091
45,self_attn.q_proj,w8a8,2048,5120,5120,26.654,39.451,28.442
45,self_attn.q_proj,w8a8-mg1024,2048,5120,5120,30.106,40.845,31.755
45,self_attn.q_proj,w4a8-mg1024,2048,5120,5120,30.106,15.681,17.594
45,self_attn.q_proj,w4a8-pc,2048,5120,5120,26.654,14.294,16.09
45,self_attn.k_proj,w8a8,2048,1024,5120,26.654,37.748,31.192
45,self_attn.k_proj,w8a8-mg1024,2048,1024,5120,30.106,39.369,34.47
45,self_attn.k_proj,w4a8-mg1024,2048,1024,5120,30.106,14.334,19.052
45,self_attn.k_proj,w4a8-pc,2048,1024,5120,26.654,12.792,17.375
45,self_attn.v_proj,w8a8,2048,1024,5120,26.654,39.923,26.181
45,self_attn.v_proj,w8a8-mg1024,2048,1024,5120,30.106,41.102,29.492
45,self_attn.v_proj,w4a8-mg1024,2048,1024,5120,30.106,15.937,15.829
45,self_attn.v_proj,w4a8-pc,2048,1024,5120,26.654,14.754,14.606
45,self_attn.o_proj,w8a8,2048,5120,5120,34.408,39.508,33.628
45,self_attn.o_proj,w8a8-mg1024,2048,5120,5120,37.037,41.202,36.067
45,self_attn.o_proj,w4a8-mg1024,2048,5120,5120,37.037,16.03,16.473
45,self_attn.o_proj,w4a8-pc,2048,5120,5120,34.408,14.348,14.695
45,mlp.gate_proj,w8a8,2048,27648,5120,33.279,39.516,35.381
45,mlp.gate_proj,w8a8-mg1024,2048,27648,5120,36.265,40.997,38.003
45,mlp.gate_proj,w4a8-mg1024,2048,27648,5120,36.265,15.871,18.89
45,mlp.gate_proj,w4a8-pc,2048,27648,5120,33.279,14.458,17.435
45,mlp.up_proj,w8a8,2048,27648,5120,33.279,40.17,32.938
45,mlp.up_proj,w8a8-mg1024,2048,27648,5120,36.265,41.441,35.563
45,mlp.up_proj,w4a8-mg1024,2048,27648,5120,36.265,16.268,16.716
45,mlp.up_proj,w4a8-pc,2048,27648,5120,33.279,15.019,15.44
45,mlp.down_proj,w8a8,2048,5120,27648,22.299,37.693,23.429
45,mlp.down_proj,w8a8-mg1024,2048,5120,27648,30.227,40.915,31.126
45,mlp.down_proj,w4a8-mg1024,2048,5120,27648,30.227,15.835,16.883
45,mlp.down_proj,w4a8-pc,2048,5120,27648,22.299,13.002,13.385
46,self_attn.q_proj,w8a8,2048,5120,5120,26.816,39.887,28.511
46,self_attn.q_proj,w8a8-mg1024,2048,5120,5120,30.208,41.229,31.775
46,self_attn.q_proj,w4a8-mg1024,2048,5120,5120,30.208,16.054,17.824
46,self_attn.q_proj,w4a8-pc,2048,5120,5120,26.816,14.713,16.366
46,self_attn.k_proj,w8a8,2048,1024,5120,26.816,38.611,31.623
46,self_attn.k_proj,w8a8-mg1024,2048,1024,5120,30.208,40.198,34.863
46,self_attn.k_proj,w4a8-mg1024,2048,1024,5120,30.208,15.024,20.092
46,self_attn.k_proj,w4a8-pc,2048,1024,5120,26.816,13.447,18.416
46,self_attn.v_proj,w8a8,2048,1024,5120,26.816,39.392,26.034
46,self_attn.v_proj,w8a8-mg1024,2048,1024,5120,30.208,40.596,29.274
46,self_attn.v_proj,w4a8-mg1024,2048,1024,5120,30.208,15.441,15.249
46,self_attn.v_proj,w4a8-pc,2048,1024,5120,26.816,14.248,13.994
46,self_attn.o_proj,w8a8,2048,5120,5120,34.54,39.176,33.761
46,self_attn.o_proj,w8a8-mg1024,2048,5120,5120,37.08,41.257,36.212
46,self_attn.o_proj,w4a8-mg1024,2048,5120,5120,37.08,16.095,16.612
46,self_attn.o_proj,w4a8-pc,2048,5120,5120,34.54,14.079,14.481
46,mlp.gate_proj,w8a8,2048,27648,5120,33.035,39.65,35.145
46,mlp.gate_proj,w8a8-mg1024,2048,27648,5120,35.933,41.091,37.714
46,mlp.gate_proj,w4a8-mg1024,2048,27648,5120,35.933,15.944,18.909
46,mlp.gate_proj,w4a8-pc,2048,27648,5120,33.035,14.548,17.477
46,mlp.up_proj,w8a8,2048,27648,5120,33.035,40.313,32.721
46,mlp.up_proj,w8a8-mg1024,2048,27648,5120,35.933,41.542,35.29
46,mlp.up_proj,w4a8-mg1024,2048,27648,5120,35.933,16.367,16.778
46,mlp.up_proj,w4a8-pc,2048,27648,5120,33.035,15.156,15.542
46,mlp.down_proj,w8a8,2048,5120,27648,20.79,37.878,21.697
46,mlp.down_proj,w8a8-mg1024,2048,5120,27648,29.736,41.069,30.437
46,mlp.down_proj,w4a8-mg1024,2048,5120,27648,29.736,15.939,16.733
46,mlp.down_proj,w4a8-pc,2048,5120,27648,20.79,13.092,12.889
47,self_attn.q_proj,w8a8,2048,5120,5120,26.83,39.835,28.485
47,self_attn.q_proj,w8a8-mg1024,2048,5120,5120,30.368,41.211,31.878
47,self_attn.q_proj,w4a8-mg1024,2048,5120,5120,30.368,16.036,17.767
47,self_attn.q_proj,w4a8-pc,2048,5120,5120,26.83,14.66,16.305
47,self_attn.k_proj,w8a8,2048,1024,5120,26.83,38.638,31.33
47,self_attn.k_proj,w8a8-mg1024,2048,1024,5120,30.368,40.262,34.684
47,self_attn.k_proj,w4a8-mg1024,2048,1024,5120,30.368,15.087,19.771
47,self_attn.k_proj,w4a8-pc,2048,1024,5120,26.83,13.473,18.003
47,self_attn.v_proj,w8a8,2048,1024,5120,26.83,40.186,25.912
47,self_attn.v_proj,w8a8-mg1024,2048,1024,5120,30.368,41.352,29.305
47,self_attn.v_proj,w4a8-mg1024,2048,1024,5120,30.368,16.186,15.508
47,self_attn.v_proj,w4a8-pc,2048,1024,5120,26.83,15.014,14.224
47,self_attn.o_proj,w8a8,2048,5120,5120,35.635,40.095,34.922
47,self_attn.o_proj,w8a8-mg1024,2048,5120,5120,38.094,41.534,37.058
47,self_attn.o_proj,w4a8-mg1024,2048,5120,5120,38.094,16.359,16.959
47,self_attn.o_proj,w4a8-pc,2048,5120,5120,35.635,14.936,15.565
47,mlp.gate_proj,w8a8,2048,27648,5120,32.002,39.672,34.519
47,mlp.gate_proj,w8a8-mg1024,2048,27648,5120,35.14,41.082,37.327
47,mlp.gate_proj,w4a8-mg1024,2048,27648,5120,35.14,15.937,19.129
47,mlp.gate_proj,w4a8-pc,2048,27648,5120,32.002,14.576,17.7
47,mlp.up_proj,w8a8,2048,27648,5120,32.002,40.245,31.744
47,mlp.up_proj,w8a8-mg1024,2048,27648,5120,35.14,41.5,34.565
47,mlp.up_proj,w4a8-mg1024,2048,27648,5120,35.14,16.331,16.634
47,mlp.up_proj,w4a8-pc,2048,27648,5120,32.002,15.106,15.368
47,mlp.down_proj,w8a8,2048,5120,27648,21.115,38.003,21.748
47,mlp.down_proj,w8a8-mg1024,2048,5120,27648,29.513,41.159,29.957
47,mlp.down_proj,w4a8-mg1024,2048,5120,27648,29.513,16.035,16.556
47,mlp.down_proj,w4a8-pc,2048,5120,27648,21.115,13.263,12.85
48,self_attn.q_proj,w8a8,2048,5120,5120,27.473,39.977,28.442
48,self_attn.q_proj,w8a8-mg1024,2048,5120,5120,30.75,41.27,31.59
48,self_attn.q_proj,w4a8-mg1024,2048,5120,5120,30.75,16.095,17.171
48,self_attn.q_proj,w4a8-pc,2048,5120,5120,27.473,14.802,15.814
48,self_attn.k_proj,w8a8,2048,1024,5120,27.473,38.673,31.497
48,self_attn.k_proj,w8a8-mg1024,2048,1024,5120,30.75,40.25,34.625
48,self_attn.k_proj,w4a8-mg1024,2048,1024,5120,30.75,15.081,19.383
48,self_attn.k_proj,w4a8-pc,2048,1024,5120,27.473,13.515,17.725
48,self_attn.v_proj,w8a8,2048,1024,5120,27.473,38.094,26.84
48,self_attn.v_proj,w8a8-mg1024,2048,1024,5120,30.75,39.667,29.963
48,self_attn.v_proj,w4a8-mg1024,2048,1024,5120,30.75,14.512,14.469
48,self_attn.v_proj,w4a8-pc,2048,1024,5120,27.473,12.944,12.967
48,self_attn.o_proj,w8a8,2048,5120,5120,33.488,40.129,32.979
48,self_attn.o_proj,w8a8-mg1024,2048,5120,5120,36.802,41.61,35.951
48,self_attn.o_proj,w4a8-mg1024,2048,5120,5120,36.802,16.434,16.859
48,self_attn.o_proj,w4a8-pc,2048,5120,5120,33.488,14.965,15.275
48,mlp.gate_proj,w8a8,2048,27648,5120,31.966,39.751,34.38
48,mlp.gate_proj,w8a8-mg1024,2048,27648,5120,35.314,41.193,37.364
48,mlp.gate_proj,w4a8-mg1024,2048,27648,5120,35.314,16.078,19.136
48,mlp.gate_proj,w4a8-pc,2048,27648,5120,31.966,14.719,17.729
48,mlp.up_proj,w8a8,2048,27648,5120,31.966,40.372,31.678
48,mlp.up_proj,w8a8-mg1024,2048,27648,5120,35.314,41.607,34.676
48,mlp.up_proj,w4a8-mg1024,2048,27648,5120,35.314,16.438,16.703
48,mlp.up_proj,w4a8-pc,2048,27648,5120,31.966,15.228,15.445
48,mlp.down_proj,w8a8,2048,5120,27648,21.438,38.145,22.064
48,mlp.down_proj,w8a8-mg1024,2048,5120,27648,29.528,41.285,29.98
48,mlp.down_proj,w4a8-mg1024,2048,5120,27648,29.528,16.186,16.695
48,mlp.down_proj,w4a8-pc,2048,5120,27648,21.438,13.471,13.224
49,self_attn.q_proj,w8a8,2048,5120,5120,26.86,39.839,28.031
49,self_attn.q_proj,w8a8-mg1024,2048,5120,5120,30.386,41.203,31.426
49,self_attn.q_proj,w4a8-mg1024,2048,5120,5120,30.386,16.028,17.234
49,self_attn.q_proj,w4a8-pc,2048,5120,5120,26.86,14.661,15.779
49,self_attn.k_proj,w8a8,2048,1024,5120,26.86,38.685,31.092
49,self_attn.k_proj,w8a8-mg1024,2048,1024,5120,30.386,40.33,34.485
49,self_attn.k_proj,w4a8-mg1024,2048,1024,5120,30.386,15.164,19.64
49,self_attn.k_proj,w4a8-pc,2048,1024,5120,26.86,13.524,17.861
49,self_attn.v_proj,w8a8,2048,1024,5120,26.86,40.069,25.781
49,self_attn.v_proj,w8a8-mg1024,2048,1024,5120,30.386,41.253,29.154
49,self_attn.v_proj,w4a8-mg1024,2048,1024,5120,30.386,16.09,15.28
49,self_attn.v_proj,w4a8-pc,2048,1024,5120,26.86,14.905,14.055
49,self_attn.o_proj,w8a8,2048,5120,5120,33.536,40.17,33.319
49,self_attn.o_proj,w8a8-mg1024,2048,5120,5120,36.74,41.635,36.222
49,self_attn.o_proj,w4a8-mg1024,2048,5120,5120,36.74,16.462,17.086
49,self_attn.o_proj,w4a8-pc,2048,5120,5120,33.536,15.013,15.625
49,mlp.gate_proj,w8a8,2048,27648,5120,31.091,39.656,33.959
49,mlp.gate_proj,w8a8-mg1024,2048,27648,5120,34.479,41.083,37.024
49,mlp.gate_proj,w4a8-mg1024,2048,27648,5120,34.479,15.953,19.353
49,mlp.gate_proj,w4a8-pc,2048,27648,5120,31.091,14.593,17.915
49,mlp.up_proj,w8a8,2048,27648,5120,31.091,40.251,30.884
49,mlp.up_proj,w8a8-mg1024,2048,27648,5120,34.479,41.521,33.969
49,mlp.up_proj,w4a8-mg1024,2048,27648,5120,34.479,16.351,16.589
49,mlp.up_proj,w4a8-pc,2048,27648,5120,31.091,15.114,15.317
49,mlp.down_proj,w8a8,2048,5120,27648,20.924,38.03,21.716
49,mlp.down_proj,w8a8-mg1024,2048,5120,27648,29.069,41.081,29.694
49,mlp.down_proj,w4a8-mg1024,2048,5120,27648,29.069,16.0,16.624
49,mlp.down_proj,w4a8-pc,2048,5120,27648,20.924,13.32,13.03
50,self_attn.q_proj,w8a8,2048,5120,5120,26.758,39.796,27.512
50,self_attn.q_proj,w8a8-mg1024,2048,5120,5120,30.287,41.184,30.902
50,self_attn.q_proj,w4a8-mg1024,2048,5120,5120,30.287,16.011,16.814
50,self_attn.q_proj,w4a8-pc,2048,5120,5120,26.758,14.625,15.347
50,self_attn.k_proj,w8a8,2048,1024,5120,26.758,38.892,30.63
50,self_attn.k_proj,w8a8-mg1024,2048,1024,5120,30.287,40.529,34.025
50,self_attn.k_proj,w4a8-mg1024,2048,1024,5120,30.287,15.353,19.461
50,self_attn.k_proj,w4a8-pc,2048,1024,5120,26.758,13.717,17.679
50,self_attn.v_proj,w8a8,2048,1024,5120,26.758,39.113,25.864
50,self_attn.v_proj,w8a8-mg1024,2048,1024,5120,30.287,40.523,29.253
50,self_attn.v_proj,w4a8-mg1024,2048,1024,5120,30.287,15.358,14.745
50,self_attn.v_proj,w4a8-pc,2048,1024,5120,26.758,13.949,13.381
50,self_attn.o_proj,w8a8,2048,5120,5120,33.634,40.067,34.938
50,self_attn.o_proj,w8a8-mg1024,2048,5120,5120,36.724,41.544,37.63
50,self_attn.o_proj,w4a8-mg1024,2048,5120,5120,36.724,16.37,18.57
50,self_attn.o_proj,w4a8-pc,2048,5120,5120,33.634,14.949,17.095
50,mlp.gate_proj,w8a8,2048,27648,5120,29.767,39.888,33.414
50,mlp.gate_proj,w8a8-mg1024,2048,27648,5120,33.658,41.239,36.979
50,mlp.gate_proj,w4a8-mg1024,2048,27648,5120,33.658,16.092,20.079
50,mlp.gate_proj,w4a8-pc,2048,27648,5120,29.767,14.78,18.678
50,mlp.up_proj,w8a8,2048,27648,5120,29.767,40.414,29.652
50,mlp.up_proj,w8a8-mg1024,2048,27648,5120,33.658,41.618,33.241
50,mlp.up_proj,w4a8-mg1024,2048,27648,5120,33.658,16.448,16.631
50,mlp.up_proj,w4a8-pc,2048,27648,5120,29.767,15.271,15.375
50,mlp.down_proj,w8a8,2048,5120,27648,19.895,38.271,20.506
50,mlp.down_proj,w8a8-mg1024,2048,5120,27648,28.477,41.213,28.941
50,mlp.down_proj,w4a8-mg1024,2048,5120,27648,28.477,16.082,16.471
50,mlp.down_proj,w4a8-pc,2048,5120,27648,19.895,13.418,12.659
51,self_attn.q_proj,w8a8,2048,5120,5120,26.26,39.948,27.452
51,self_attn.q_proj,w8a8-mg1024,2048,5120,5120,29.906,41.275,30.964
51,self_attn.q_proj,w4a8-mg1024,2048,5120,5120,29.906,16.099,17.339
51,self_attn.q_proj,w4a8-pc,2048,5120,5120,26.26,14.772,15.843
51,self_attn.k_proj,w8a8,2048,1024,5120,26.26,39.137,29.997
51,self_attn.k_proj,w8a8-mg1024,2048,1024,5120,29.906,40.622,33.495
51,self_attn.k_proj,w4a8-mg1024,2048,1024,5120,29.906,15.452,19.417
51,self_attn.k_proj,w4a8-pc,2048,1024,5120,26.26,13.983,17.778
51,self_attn.v_proj,w8a8,2048,1024,5120,26.26,38.937,25.49
51,self_attn.v_proj,w8a8-mg1024,2048,1024,5120,29.906,40.362,28.986
51,self_attn.v_proj,w4a8-mg1024,2048,1024,5120,29.906,15.198,14.756
51,self_attn.v_proj,w4a8-pc,2048,1024,5120,26.26,13.77,13.26
51,self_attn.o_proj,w8a8,2048,5120,5120,34.211,39.649,34.108
51,self_attn.o_proj,w8a8-mg1024,2048,5120,5120,37.082,41.327,36.687
51,self_attn.o_proj,w4a8-mg1024,2048,5120,5120,37.082,16.173,17.21
51,self_attn.o_proj,w4a8-pc,2048,5120,5120,34.211,14.55,15.524
51,mlp.gate_proj,w8a8,2048,27648,5120,29.393,40.016,33.154
51,mlp.gate_proj,w8a8-mg1024,2048,27648,5120,33.512,41.342,36.938
51,mlp.gate_proj,w4a8-mg1024,2048,27648,5120,33.512,16.184,20.259
51,mlp.gate_proj,w4a8-pc,2048,27648,5120,29.393,14.897,18.855
51,mlp.up_proj,w8a8,2048,27648,5120,29.393,40.387,29.262
51,mlp.up_proj,w8a8-mg1024,2048,27648,5120,33.512,41.616,33.071
51,mlp.up_proj,w4a8-mg1024,2048,27648,5120,33.512,16.461,16.582
51,mlp.up_proj,w4a8-pc,2048,27648,5120,29.393,15.279,15.32
51,mlp.down_proj,w8a8,2048,5120,27648,19.151,38.155,19.653
51,mlp.down_proj,w8a8-mg1024,2048,5120,27648,28.282,41.259,28.647
51,mlp.down_proj,w4a8-mg1024,2048,5120,27648,28.282,16.133,16.398
51,mlp.down_proj,w4a8-pc,2048,5120,27648,19.151,13.396,12.179
52,self_attn.q_proj,w8a8,2048,5120,5120,26.6,40.01,27.263
52,self_attn.q_proj,w8a8-mg1024,2048,5120,5120,30.132,41.359,30.664
52,self_attn.q_proj,w4a8-mg1024,2048,5120,5120,30.132,16.182,16.879
52,self_attn.q_proj,w4a8-pc,2048,5120,5120,26.6,14.831,15.399
52,self_attn.k_proj,w8a8,2048,1024,5120,26.6,38.561,30.542
52,self_attn.k_proj,w8a8-mg1024,2048,1024,5120,30.132,40.239,33.923
52,self_attn.k_proj,w4a8-mg1024,2048,1024,5120,30.132,15.07,19.153
52,self_attn.k_proj,w4a8-pc,2048,1024,5120,26.6,13.398,17.367
52,self_attn.v_proj,w8a8,2048,1024,5120,26.6,38.121,25.708
52,self_attn.v_proj,w8a8-mg1024,2048,1024,5120,30.132,39.637,29.081
52,self_attn.v_proj,w4a8-mg1024,2048,1024,5120,30.132,14.473,14.017
52,self_attn.v_proj,w4a8-pc,2048,1024,5120,26.6,12.958,12.517
52,self_attn.o_proj,w8a8,2048,5120,5120,33.371,39.901,33.936
52,self_attn.o_proj,w8a8-mg1024,2048,5120,5120,36.817,41.346,36.931
52,self_attn.o_proj,w4a8-mg1024,2048,5120,5120,36.817,16.173,17.635
52,self_attn.o_proj,w4a8-pc,2048,5120,5120,33.371,14.735,16.201
52,mlp.gate_proj,w8a8,2048,27648,5120,29.357,40.158,32.928
52,mlp.gate_proj,w8a8-mg1024,2048,27648,5120,33.506,41.461,36.752
52,mlp.gate_proj,w4a8-mg1024,2048,27648,5120,33.506,16.294,20.141
52,mlp.gate_proj,w4a8-pc,2048,27648,5120,29.357,15.023,18.779
52,mlp.up_proj,w8a8,2048,27648,5120,29.357,40.569,29.216
52,mlp.up_proj,w8a8-mg1024,2048,27648,5120,33.506,41.744,33.06
52,mlp.up_proj,w4a8-mg1024,2048,27648,5120,33.506,16.567,16.669
52,mlp.up_proj,w4a8-pc,2048,27648,5120,29.357,15.413,15.425
52,mlp.down_proj,w8a8,2048,5120,27648,18.702,38.135,19.319
52,mlp.down_proj,w8a8-mg1024,2048,5120,27648,27.908,41.305,28.396
52,mlp.down_proj,w4a8-mg1024,2048,5120,27648,27.908,16.182,16.46
52,mlp.down_proj,w4a8-pc,2048,5120,27648,18.702,13.391,12.005
53,self_attn.q_proj,w8a8,2048,5120,5120,27.411,39.94,28.025
53,self_attn.q_proj,w8a8-mg1024,2048,5120,5120,30.832,41.311,31.301
53,self_attn.q_proj,w4a8-mg1024,2048,5120,5120,30.832,16.137,16.853
53,self_attn.q_proj,w4a8-pc,2048,5120,5120,27.411,14.768,15.392
53,self_attn.k_proj,w8a8,2048,1024,5120,27.411,38.865,31.007
53,self_attn.k_proj,w8a8-mg1024,2048,1024,5120,30.832,40.485,34.265
53,self_attn.k_proj,w4a8-mg1024,2048,1024,5120,30.832,15.317,19.112
53,self_attn.k_proj,w4a8-pc,2048,1024,5120,27.411,13.701,17.376
53,self_attn.v_proj,w8a8,2048,1024,5120,27.411,38.304,27.029
53,self_attn.v_proj,w8a8-mg1024,2048,1024,5120,30.832,39.831,30.265
53,self_attn.v_proj,w4a8-mg1024,2048,1024,5120,30.832,14.668,14.783
53,self_attn.v_proj,w4a8-pc,2048,1024,5120,27.411,13.14,13.328
53,self_attn.o_proj,w8a8,2048,5120,5120,32.878,39.322,32.765
53,self_attn.o_proj,w8a8-mg1024,2048,5120,5120,36.544,41.46,36.085
53,self_attn.o_proj,w4a8-mg1024,2048,5120,5120,36.544,16.303,17.063
53,self_attn.o_proj,w4a8-pc,2048,5120,5120,32.878,14.263,14.996
53,mlp.gate_proj,w8a8,2048,27648,5120,29.481,40.354,33.138
53,mlp.gate_proj,w8a8-mg1024,2048,27648,5120,33.586,41.607,36.914
53,mlp.gate_proj,w4a8-mg1024,2048,27648,5120,33.586,16.449,20.381
53,mlp.gate_proj,w4a8-pc,2048,27648,5120,29.481,15.234,19.057
53,mlp.up_proj,w8a8,2048,27648,5120,29.481,40.654,29.387
53,mlp.up_proj,w8a8-mg1024,2048,27648,5120,33.586,41.803,33.184
53,mlp.up_proj,w4a8-mg1024,2048,27648,5120,33.586,16.637,16.793
53,mlp.up_proj,w4a8-pc,2048,27648,5120,29.481,15.516,15.583
53,mlp.down_proj,w8a8,2048,5120,27648,20.636,38.3,21.11
53,mlp.down_proj,w8a8-mg1024,2048,5120,27648,28.686,41.389,29.02
53,mlp.down_proj,w4a8-mg1024,2048,5120,27648,28.686,16.263,16.308
53,mlp.down_proj,w4a8-pc,2048,5120,27648,20.636,13.531,11.179
54,self_attn.q_proj,w8a8,2048,5120,5120,26.925,40.082,27.234
54,self_attn.q_proj,w8a8-mg1024,2048,5120,5120,30.43,41.396,30.594
54,self_attn.q_proj,w4a8-mg1024,2048,5120,5120,30.43,16.218,16.562
54,self_attn.q_proj,w4a8-pc,2048,5120,5120,26.925,14.909,15.156
54,self_attn.k_proj,w8a8,2048,1024,5120,26.925,38.714,30.559
54,self_attn.k_proj,w8a8-mg1024,2048,1024,5120,30.43,40.333,33.904
54,self_attn.k_proj,w4a8-mg1024,2048,1024,5120,30.43,15.165,19.056
54,self_attn.k_proj,w4a8-pc,2048,1024,5120,26.925,13.551,17.279
54,self_attn.v_proj,w8a8,2048,1024,5120,26.925,38.473,26.447
54,self_attn.v_proj,w8a8-mg1024,2048,1024,5120,30.43,40.02,29.808
54,self_attn.v_proj,w4a8-mg1024,2048,1024,5120,30.43,14.86,14.8
54,self_attn.v_proj,w4a8-pc,2048,1024,5120,26.925,13.314,13.233
54,self_attn.o_proj,w8a8,2048,5120,5120,33.613,40.427,33.128
54,self_attn.o_proj,w8a8-mg1024,2048,5120,5120,37.238,41.753,36.241
54,self_attn.o_proj,w4a8-mg1024,2048,5120,5120,37.238,16.573,16.885
54,self_attn.o_proj,w4a8-pc,2048,5120,5120,33.613,15.255,15.551
54,mlp.gate_proj,w8a8,2048,27648,5120,29.501,40.541,33.166
54,mlp.gate_proj,w8a8-mg1024,2048,27648,5120,33.518,41.729,36.875
54,mlp.gate_proj,w4a8-mg1024,2048,27648,5120,33.518,16.554,20.486
54,mlp.gate_proj,w4a8-pc,2048,27648,5120,29.501,15.387,19.22
54,mlp.up_proj,w8a8,2048,27648,5120,29.501,40.794,29.323
54,mlp.up_proj,w8a8-mg1024,2048,27648,5120,33.518,41.898,33.047
54,mlp.up_proj,w4a8-mg1024,2048,27648,5120,33.518,16.716,16.761
54,mlp.up_proj,w4a8-pc,2048,27648,5120,29.501,15.626,15.588
54,mlp.down_proj,w8a8,2048,5120,27648,20.344,38.717,20.833
54,mlp.down_proj,w8a8-mg1024,2048,5120,27648,28.472,41.617,28.832
54,mlp.down_proj,w4a8-mg1024,2048,5120,27648,28.472,16.458,16.678
54,mlp.down_proj,w4a8-pc,2048,5120,27648,20.344,13.737,12.049
55,self_attn.q_proj,w8a8,2048,5120,5120,27.017,39.643,27.835
55,self_attn.q_proj,w8a8-mg1024,2048,5120,5120,30.558,41.125,31.228
55,self_attn.q_proj,w4a8-mg1024,2048,5120,5120,30.558,15.954,16.878
55,self_attn.q_proj,w4a8-pc,2048,5120,5120,27.017,14.487,15.307
55,self_attn.k_proj,w8a8,2048,1024,5120,27.017,38.895,30.574
55,self_attn.k_proj,w8a8-mg1024,2048,1024,5120,30.558,40.523,33.951
55,self_attn.k_proj,w4a8-mg1024,2048,1024,5120,30.558,15.353,19.132
55,self_attn.k_proj,w4a8-pc,2048,1024,5120,27.017,13.746,17.377
55,self_attn.v_proj,w8a8,2048,1024,5120,27.017,38.769,26.168
55,self_attn.v_proj,w8a8-mg1024,2048,1024,5120,30.558,40.266,29.531
55,self_attn.v_proj,w4a8-mg1024,2048,1024,5120,30.558,15.103,14.724
55,self_attn.v_proj,w4a8-pc,2048,1024,5120,27.017,13.609,13.229
55,self_attn.o_proj,w8a8,2048,5120,5120,32.857,40.154,32.078
55,self_attn.o_proj,w8a8-mg1024,2048,5120,5120,36.294,41.609,35.084
55,self_attn.o_proj,w4a8-mg1024,2048,5120,5120,36.294,16.433,16.297
55,self_attn.o_proj,w4a8-pc,2048,5120,5120,32.857,15.001,14.875
55,mlp.gate_proj,w8a8,2048,27648,5120,29.999,40.55,33.431
55,mlp.gate_proj,w8a8-mg1024,2048,27648,5120,33.892,41.733,36.997
55,mlp.gate_proj,w4a8-mg1024,2048,27648,5120,33.892,16.564,20.302
55,mlp.gate_proj,w4a8-pc,2048,27648,5120,29.999,15.408,19.076
55,mlp.up_proj,w8a8,2048,27648,5120,29.999,40.786,29.804
55,mlp.up_proj,w8a8-mg1024,2048,27648,5120,33.892,41.892,33.389
55,mlp.up_proj,w4a8-mg1024,2048,27648,5120,33.892,16.714,16.796
55,mlp.up_proj,w4a8-pc,2048,27648,5120,29.999,15.626,15.631
55,mlp.down_proj,w8a8,2048,5120,27648,20.177,38.693,20.646
55,mlp.down_proj,w8a8-mg1024,2048,5120,27648,28.445,41.624,28.784
55,mlp.down_proj,w4a8-mg1024,2048,5120,27648,28.445,16.48,16.584
55,mlp.down_proj,w4a8-pc,2048,5120,27648,20.177,13.769,12.218
56,self_attn.q_proj,w8a8,2048,5120,5120,27.167,39.807,27.451
56,self_attn.q_proj,w8a8-mg1024,2048,5120,5120,30.623,41.264,30.773
56,self_attn.q_proj,w4a8-mg1024,2048,5120,5120,30.623,16.089,16.49
56,self_attn.q_proj,w4a8-pc,2048,5120,5120,27.167,14.631,14.94
56,self_attn.k_proj,w8a8,2048,1024,5120,27.167,38.398,30.693
56,self_attn.k_proj,w8a8-mg1024,2048,1024,5120,30.623,40.148,33.989
56,self_attn.k_proj,w4a8-mg1024,2048,1024,5120,30.623,14.977,18.803
56,self_attn.k_proj,w4a8-pc,2048,1024,5120,27.167,13.234,16.892
56,self_attn.v_proj,w8a8,2048,1024,5120,27.167,38.334,26.851
56,self_attn.v_proj,w8a8-mg1024,2048,1024,5120,30.623,39.9,30.144
56,self_attn.v_proj,w4a8-mg1024,2048,1024,5120,30.623,14.731,14.889
56,self_attn.v_proj,w4a8-pc,2048,1024,5120,27.167,13.162,13.335
56,self_attn.o_proj,w8a8,2048,5120,5120,33.289,40.493,33.806
56,self_attn.o_proj,w8a8-mg1024,2048,5120,5120,36.856,41.753,36.875
56,self_attn.o_proj,w4a8-mg1024,2048,5120,5120,36.856,16.575,17.738
56,self_attn.o_proj,w4a8-pc,2048,5120,5120,33.289,15.333,16.509
56,mlp.gate_proj,w8a8,2048,27648,5120,30.516,40.546,33.873
56,mlp.gate_proj,w8a8-mg1024,2048,27648,5120,34.206,41.743,37.234
56,mlp.gate_proj,w4a8-mg1024,2048,27648,5120,34.206,16.582,20.294
56,mlp.gate_proj,w4a8-pc,2048,27648,5120,30.516,15.429,19.023
56,mlp.up_proj,w8a8,2048,27648,5120,30.516,40.837,30.315
56,mlp.up_proj,w8a8-mg1024,2048,27648,5120,34.206,41.917,33.693
56,mlp.up_proj,w4a8-mg1024,2048,27648,5120,34.206,16.736,16.852
56,mlp.up_proj,w4a8-pc,2048,27648,5120,30.516,15.669,15.725
56,mlp.down_proj,w8a8,2048,5120,27648,20.089,38.802,20.703
56,mlp.down_proj,w8a8-mg1024,2048,5120,27648,28.447,41.702,28.922
56,mlp.down_proj,w4a8-mg1024,2048,5120,27648,28.447,16.548,16.863
56,mlp.down_proj,w4a8-pc,2048,5120,27648,20.089,13.845,12.242
57,self_attn.q_proj,w8a8,2048,5120,5120,28.562,39.805,28.758
57,self_attn.q_proj,w8a8-mg1024,2048,5120,5120,31.812,41.254,31.852
57,self_attn.q_proj,w4a8-mg1024,2048,5120,5120,31.812,16.077,16.521
57,self_attn.q_proj,w4a8-pc,2048,5120,5120,28.562,14.637,15.013
57,self_attn.k_proj,w8a8,2048,1024,5120,28.562,38.623,31.55
57,self_attn.k_proj,w8a8-mg1024,2048,1024,5120,31.812,40.347,34.609
57,self_attn.k_proj,w4a8-mg1024,2048,1024,5120,31.812,15.192,18.596
57,self_attn.k_proj,w4a8-pc,2048,1024,5120,28.562,13.503,16.795
57,self_attn.v_proj,w8a8,2048,1024,5120,28.562,38.751,28.516
57,self_attn.v_proj,w8a8-mg1024,2048,1024,5120,31.812,40.294,31.585
57,self_attn.v_proj,w4a8-mg1024,2048,1024,5120,31.812,15.124,15.428
57,self_attn.v_proj,w4a8-pc,2048,1024,5120,28.562,13.585,13.883
57,self_attn.o_proj,w8a8,2048,5120,5120,33.461,40.512,33.776
57,self_attn.o_proj,w8a8-mg1024,2048,5120,5120,36.799,41.747,36.67
57,self_attn.o_proj,w4a8-mg1024,2048,5120,5120,36.799,16.572,17.582
57,self_attn.o_proj,w4a8-pc,2048,5120,5120,33.461,15.346,16.335
57,mlp.gate_proj,w8a8,2048,27648,5120,31.776,40.63,34.671
57,mlp.gate_proj,w8a8-mg1024,2048,27648,5120,35.12,41.802,37.667
57,mlp.gate_proj,w4a8-mg1024,2048,27648,5120,35.12,16.625,20.033
57,mlp.gate_proj,w4a8-pc,2048,27648,5120,31.776,15.472,18.82
57,mlp.up_proj,w8a8,2048,27648,5120,31.776,40.848,31.435
57,mlp.up_proj,w8a8-mg1024,2048,27648,5120,35.12,41.928,34.443
57,mlp.up_proj,w4a8-mg1024,2048,27648,5120,35.12,16.745,16.857
57,mlp.up_proj,w4a8-pc,2048,27648,5120,31.776,15.676,15.749
57,mlp.down_proj,w8a8,2048,5120,27648,20.016,39.105,20.5
57,mlp.down_proj,w8a8-mg1024,2048,5120,27648,28.313,41.784,28.677
57,mlp.down_proj,w4a8-mg1024,2048,5120,27648,28.313,16.62,16.823
57,mlp.down_proj,w4a8-pc,2048,5120,27648,20.016,14.091,12.536
58,self_attn.q_proj,w8a8,2048,5120,5120,26.985,39.833,26.67
58,self_attn.q_proj,w8a8-mg1024,2048,5120,5120,30.479,41.247,30.032
58,self_attn.q_proj,w4a8-mg1024,2048,5120,5120,30.479,16.072,15.847
58,self_attn.q_proj,w4a8-pc,2048,5120,5120,26.985,14.664,14.362
58,self_attn.k_proj,w8a8,2048,1024,5120,26.985,38.657,30.347
58,self_attn.k_proj,w8a8-mg1024,2048,1024,5120,30.479,40.356,33.703
58,self_attn.k_proj,w4a8-mg1024,2048,1024,5120,30.479,15.186,18.796
58,self_attn.k_proj,w4a8-pc,2048,1024,5120,26.985,13.501,16.942
58,self_attn.v_proj,w8a8,2048,1024,5120,26.985,38.249,27.42
58,self_attn.v_proj,w8a8-mg1024,2048,1024,5120,30.479,39.833,30.752
58,self_attn.v_proj,w4a8-mg1024,2048,1024,5120,30.479,14.666,15.505
58,self_attn.v_proj,w4a8-pc,2048,1024,5120,26.985,13.09,13.917
58,self_attn.o_proj,w8a8,2048,5120,5120,32.805,40.244,32.688
58,self_attn.o_proj,w8a8-mg1024,2048,5120,5120,36.592,41.688,36.016
58,self_attn.o_proj,w4a8-mg1024,2048,5120,5120,36.592,16.522,16.988
58,self_attn.o_proj,w4a8-pc,2048,5120,5120,32.805,15.16,15.532
58,mlp.gate_proj,w8a8,2048,27648,5120,33.008,40.53,35.486
58,mlp.gate_proj,w8a8-mg1024,2048,27648,5120,35.847,41.727,38.003
58,mlp.gate_proj,w4a8-mg1024,2048,27648,5120,35.847,16.558,19.736
58,mlp.gate_proj,w4a8-pc,2048,27648,5120,33.008,15.389,18.533
58,mlp.up_proj,w8a8,2048,27648,5120,33.008,40.798,32.554
58,mlp.up_proj,w8a8-mg1024,2048,27648,5120,35.847,41.898,35.078
58,mlp.up_proj,w4a8-mg1024,2048,27648,5120,35.847,16.719,16.9
58,mlp.up_proj,w4a8-pc,2048,27648,5120,33.008,15.635,15.779
58,mlp.down_proj,w8a8,2048,5120,27648,20.552,38.9,20.847
58,mlp.down_proj,w8a8-mg1024,2048,5120,27648,28.706,41.729,28.868
58,mlp.down_proj,w4a8-mg1024,2048,5120,27648,28.706,16.577,16.658
58,mlp.down_proj,w4a8-pc,2048,5120,27648,20.552,13.951,12.61
59,self_attn.q_proj,w8a8,2048,5120,5120,27.623,39.412,28.161
59,self_attn.q_proj,w8a8-mg1024,2048,5120,5120,30.931,40.972,31.327
59,self_attn.q_proj,w4a8-mg1024,2048,5120,5120,30.931,15.799,16.512
59,self_attn.q_proj,w4a8-pc,2048,5120,5120,27.623,14.246,14.913
59,self_attn.k_proj,w8a8,2048,1024,5120,27.623,38.024,31.033
59,self_attn.k_proj,w8a8-mg1024,2048,1024,5120,30.931,39.883,34.181
59,self_attn.k_proj,w4a8-mg1024,2048,1024,5120,30.931,14.729,18.524
59,self_attn.k_proj,w4a8-pc,2048,1024,5120,27.623,12.91,16.592
59,self_attn.v_proj,w8a8,2048,1024,5120,27.623,38.321,27.687
59,self_attn.v_proj,w8a8-mg1024,2048,1024,5120,30.931,39.818,30.828
59,self_attn.v_proj,w4a8-mg1024,2048,1024,5120,30.931,14.655,15.34
59,self_attn.v_proj,w4a8-pc,2048,1024,5120,27.623,13.164,13.859
59,self_attn.o_proj,w8a8,2048,5120,5120,31.835,40.514,31.831
59,self_attn.o_proj,w8a8-mg1024,2048,5120,5120,35.904,41.771,35.441
59,self_attn.o_proj,w4a8-mg1024,2048,5120,5120,35.904,16.599,17.088
59,self_attn.o_proj,w4a8-pc,2048,5120,5120,31.835,15.349,15.769
59,mlp.gate_proj,w8a8,2048,27648,5120,33.254,40.459,35.75
59,mlp.gate_proj,w8a8-mg1024,2048,27648,5120,35.853,41.685,38.065
59,mlp.gate_proj,w4a8-mg1024,2048,27648,5120,35.853,16.514,19.771
59,mlp.gate_proj,w4a8-pc,2048,27648,5120,33.254,15.314,18.508
59,mlp.up_proj,w8a8,2048,27648,5120,33.254,40.732,32.992
59,mlp.up_proj,w8a8-mg1024,2048,27648,5120,35.853,41.858,35.316
59,mlp.up_proj,w4a8-mg1024,2048,27648,5120,35.853,16.678,17.107
59,mlp.up_proj,w4a8-pc,2048,27648,5120,33.254,15.566,15.971
59,mlp.down_proj,w8a8,2048,5120,27648,20.075,38.818,20.462
59,mlp.down_proj,w8a8-mg1024,2048,5120,27648,28.412,41.7,28.718
59,mlp.down_proj,w4a8-mg1024,2048,5120,27648,28.412,16.543,16.651
59,mlp.down_proj,w4a8-pc,2048,5120,27648,20.075,13.778,12.451
60,self_attn.q_proj,w8a8,2048,5120,5120,27.478,39.484,28.223
60,self_attn.q_proj,w8a8-mg1024,2048,5120,5120,30.908,41.016,31.506
60,self_attn.q_proj,w4a8-mg1024,2048,5120,5120,30.908,15.845,16.78
60,self_attn.q_proj,w4a8-pc,2048,5120,5120,27.478,14.321,15.139
60,self_attn.k_proj,w8a8,2048,1024,5120,27.478,37.884,31.499
60,self_attn.k_proj,w8a8-mg1024,2048,1024,5120,30.908,39.667,34.761
60,self_attn.k_proj,w4a8-mg1024,2048,1024,5120,30.908,14.503,18.988
60,self_attn.k_proj,w4a8-pc,2048,1024,5120,27.478,12.731,17.054
60,self_attn.v_proj,w8a8,2048,1024,5120,27.478,37.739,27.686
60,self_attn.v_proj,w8a8-mg1024,2048,1024,5120,30.908,39.351,30.925
60,self_attn.v_proj,w4a8-mg1024,2048,1024,5120,30.908,14.193,15.161
60,self_attn.v_proj,w4a8-pc,2048,1024,5120,27.478,12.583,13.588
60,self_attn.o_proj,w8a8,2048,5120,5120,34.528,40.168,35.046
60,self_attn.o_proj,w8a8-mg1024,2048,5120,5120,37.446,41.631,37.593
60,self_attn.o_proj,w4a8-mg1024,2048,5120,5120,37.446,16.461,17.967
60,self_attn.o_proj,w4a8-pc,2048,5120,5120,34.528,15.0,16.379
60,mlp.gate_proj,w8a8,2048,27648,5120,32.84,40.444,35.522
60,mlp.gate_proj,w8a8-mg1024,2048,27648,5120,35.362,41.668,37.83
60,mlp.gate_proj,w4a8-mg1024,2048,27648,5120,35.362,16.495,19.895
60,mlp.gate_proj,w4a8-pc,2048,27648,5120,32.84,15.29,18.652
60,mlp.up_proj,w8a8,2048,27648,5120,32.84,40.73,33.047
60,mlp.up_proj,w8a8-mg1024,2048,27648,5120,35.362,41.862,35.368
60,mlp.up_proj,w4a8-mg1024,2048,27648,5120,35.362,16.682,17.555
60,mlp.up_proj,w4a8-pc,2048,27648,5120,32.84,15.562,16.409
60,mlp.down_proj,w8a8,2048,5120,27648,24.389,38.875,23.672
60,mlp.down_proj,w8a8-mg1024,2048,5120,27648,32.515,41.665,32.573
60,mlp.down_proj,w4a8-mg1024,2048,5120,27648,32.515,16.517,19.206
60,mlp.down_proj,w4a8-pc,2048,5120,27648,24.389,13.912,15.186
61,self_attn.q_proj,w8a8,2048,5120,5120,28.024,39.574,28.43
61,self_attn.q_proj,w8a8-mg1024,2048,5120,5120,31.28,41.079,31.534
61,self_attn.q_proj,w4a8-mg1024,2048,5120,5120,31.28,15.908,16.52
61,self_attn.q_proj,w4a8-pc,2048,5120,5120,28.024,14.411,14.979
61,self_attn.k_proj,w8a8,2048,1024,5120,28.024,37.941,31.563
61,self_attn.k_proj,w8a8-mg1024,2048,1024,5120,31.28,39.805,34.663
61,self_attn.k_proj,w4a8-mg1024,2048,1024,5120,31.28,14.647,18.59
61,self_attn.k_proj,w4a8-pc,2048,1024,5120,28.024,12.824,16.581
61,self_attn.v_proj,w8a8,2048,1024,5120,28.024,37.472,29.019
61,self_attn.v_proj,w8a8-mg1024,2048,1024,5120,31.28,39.049,32.09
61,self_attn.v_proj,w4a8-mg1024,2048,1024,5120,31.28,13.888,15.537
61,self_attn.v_proj,w4a8-pc,2048,1024,5120,28.024,12.318,14.052
61,self_attn.o_proj,w8a8,2048,5120,5120,35.167,40.101,37.068
61,self_attn.o_proj,w8a8-mg1024,2048,5120,5120,38.071,41.61,39.495
61,self_attn.o_proj,w4a8-mg1024,2048,5120,5120,38.071,16.44,19.007
61,self_attn.o_proj,w4a8-pc,2048,5120,5120,35.167,14.936,17.15
61,mlp.gate_proj,w8a8,2048,27648,5120,32.323,40.325,35.76
61,mlp.gate_proj,w8a8-mg1024,2048,27648,5120,35.016,41.576,38.189
61,mlp.gate_proj,w4a8-mg1024,2048,27648,5120,35.016,16.401,20.476
61,mlp.gate_proj,w4a8-pc,2048,27648,5120,32.323,15.171,19.178
61,mlp.up_proj,w8a8,2048,27648,5120,32.323,40.624,33.938
61,mlp.up_proj,w8a8-mg1024,2048,27648,5120,35.016,41.794,36.382
61,mlp.up_proj,w4a8-mg1024,2048,27648,5120,35.016,16.615,18.788
61,mlp.up_proj,w4a8-pc,2048,27648,5120,32.323,15.459,17.605
61,mlp.down_proj,w8a8,2048,5120,27648,19.125,38.609,19.363
61,mlp.down_proj,w8a8-mg1024,2048,5120,27648,27.69,41.494,28.093
61,mlp.down_proj,w4a8-mg1024,2048,5120,27648,27.69,16.332,16.548
61,mlp.down_proj,w4a8-pc,2048,5120,27648,19.125,13.575,12.132
62,self_attn.q_proj,w8a8,2048,5120,5120,27.473,39.606,28.651
62,self_attn.q_proj,w8a8-mg1024,2048,5120,5120,30.925,41.078,31.95
62,self_attn.q_proj,w4a8-mg1024,2048,5120,5120,30.925,15.903,17.249
62,self_attn.q_proj,w4a8-pc,2048,5120,5120,27.473,14.437,15.728
62,self_attn.k_proj,w8a8,2048,1024,5120,27.473,38.19,31.481
62,self_attn.k_proj,w8a8-mg1024,2048,1024,5120,30.925,40.003,34.756
62,self_attn.k_proj,w4a8-mg1024,2048,1024,5120,30.925,14.835,19.167
62,self_attn.k_proj,w4a8-pc,2048,1024,5120,27.473,13.04,17.349
62,self_attn.v_proj,w8a8,2048,1024,5120,27.473,37.323,28.343
62,self_attn.v_proj,w8a8-mg1024,2048,1024,5120,30.925,38.887,31.556
62,self_attn.v_proj,w4a8-mg1024,2048,1024,5120,30.925,13.733,15.336
62,self_attn.v_proj,w4a8-pc,2048,1024,5120,27.473,12.168,13.812
62,self_attn.o_proj,w8a8,2048,5120,5120,34.805,39.727,39.565
62,self_attn.o_proj,w8a8-mg1024,2048,5120,5120,37.411,41.482,41.816
62,self_attn.o_proj,w4a8-mg1024,2048,5120,5120,37.411,16.312,21.702
62,self_attn.o_proj,w4a8-pc,2048,5120,5120,34.805,14.567,19.915
62,mlp.gate_proj,w8a8,2048,27648,5120,30.167,40.241,34.479
62,mlp.gate_proj,w8a8-mg1024,2048,27648,5120,33.429,41.507,37.583
62,mlp.gate_proj,w4a8-mg1024,2048,27648,5120,33.429,16.332,21.064
62,mlp.gate_proj,w4a8-pc,2048,27648,5120,30.167,15.084,19.725
62,mlp.up_proj,w8a8,2048,27648,5120,30.167,40.509,33.91
62,mlp.up_proj,w8a8-mg1024,2048,27648,5120,33.429,41.726,37.01
62,mlp.up_proj,w4a8-mg1024,2048,27648,5120,33.429,16.546,20.708
62,mlp.up_proj,w4a8-pc,2048,27648,5120,30.167,15.342,19.438
62,mlp.down_proj,w8a8,2048,5120,27648,20.552,38.18,21.78
62,mlp.down_proj,w8a8-mg1024,2048,5120,27648,27.566,41.173,29.736
62,mlp.down_proj,w4a8-mg1024,2048,5120,27648,27.566,16.024,17.793
62,mlp.down_proj,w4a8-pc,2048,5120,27648,20.552,13.145,12.507
63,self_attn.q_proj,w8a8,2048,5120,5120,28.857,40.503,28.717
63,self_attn.q_proj,w8a8-mg1024,2048,5120,5120,31.706,41.693,31.462
63,self_attn.q_proj,w4a8-mg1024,2048,5120,5120,31.706,16.516,16.592
63,self_attn.q_proj,w4a8-pc,2048,5120,5120,28.857,15.326,15.328
63,self_attn.k_proj,w8a8,2048,1024,5120,28.857,39.192,31.175
63,self_attn.k_proj,w8a8-mg1024,2048,1024,5120,31.706,40.833,33.927
63,self_attn.k_proj,w4a8-mg1024,2048,1024,5120,31.706,15.654,18.333
63,self_attn.k_proj,w4a8-pc,2048,1024,5120,28.857,14.015,16.615
63,self_attn.v_proj,w8a8,2048,1024,5120,28.857,36.551,31.191
63,self_attn.v_proj,w8a8-mg1024,2048,1024,5120,31.706,38.418,33.917
63,self_attn.v_proj,w4a8-mg1024,2048,1024,5120,31.706,13.25,16.363
63,self_attn.v_proj,w4a8-pc,2048,1024,5120,28.857,11.384,14.473
63,self_attn.o_proj,w8a8,2048,5120,5120,34.741,39.245,44.189
63,self_attn.o_proj,w8a8-mg1024,2048,5120,5120,38.191,41.268,47.021
63,self_attn.o_proj,w4a8-mg1024,2048,5120,5120,38.191,16.102,26.331
63,self_attn.o_proj,w4a8-pc,2048,5120,5120,34.741,14.104,24.151
63,mlp.gate_proj,w8a8,2048,27648,5120,25.417,40.532,31.43
63,mlp.gate_proj,w8a8-mg1024,2048,27648,5120,29.824,41.703,35.668
63,mlp.gate_proj,w4a8-mg1024,2048,27648,5120,29.824,16.522,22.482
63,mlp.gate_proj,w4a8-pc,2048,27648,5120,25.417,15.359,21.063
63,mlp.up_proj,w8a8,2048,27648,5120,25.417,40.752,29.599
63,mlp.up_proj,w8a8-mg1024,2048,27648,5120,29.824,41.872,33.842
63,mlp.up_proj,w4a8-mg1024,2048,27648,5120,29.824,16.69,20.804
63,mlp.up_proj,w4a8-pc,2048,27648,5120,25.417,15.58,19.461
63,mlp.down_proj,w8a8,2048,5120,27648,22.347,37.147,23.365
63,mlp.down_proj,w8a8-mg1024,2048,5120,27648,28.172,40.627,31.311
63,mlp.down_proj,w4a8-mg1024,2048,5120,27648,28.172,15.524,19.312
63,mlp.down_proj,w4a8-pc,2048,5120,27648,22.347,12.299,14.406
